{"febs": [{"polarity": 1, "dtc": [0.0, 0.0, 0.0, 0.0, 0.0, 0.0, 0.0, 0.0, 0.0, 0.0, 0.0, 0.0, 0.0, 0.0, 0.0, 0.0, 0.0, 0.0, 0.0, 0.0, 0.0, 0.0, 0.0, 0.0, 0.0], "last": 784800, "stripShift": 16, "triggerMin": -126, "triggerMean": -96, "side": [2, 2, 1, 1, 1, 1, 1, 1, 1, 1, 0, 0, 0, 0, 0, 0, 0, 0, 1, 1, 1, 1, 1, 1, 1, 1, 0, 0, 0, 0, 0, 0, 0, 0, 1, 1, 1, 0, 1, 0, 1, 0, 1, 0, 1, 0, 1, 0, 1, 0, 1], "chamber": 1, "st0": [0, 0, 4.251705545774648, 2.7244449074767756, 0.5834388099157999, 5.66909295499352, 1.5665689165319812, 3.480227321704395, 4.838973263262837, 3.2619753124431643, 0.17058771297366837, 0.47652805786162356, 2.05819543799861, 3.4205446337090657, 2.510900514171791, 1.3698290856003623, 5.330189183608074, 8.555366488572613, 10.862425312102024, 11.897833253468004, 9.501330510521296, 11.896059545331422, 10.203812709888384, 12.072404981181759, 10.773452744559686, 11.49741107789302, 8.438706624451724, 8.47380840483021, 7.290335111878669, 8.448892601330146, 7.658977828602873, 7.658977828602873, 7.658977828602873, 7.658977828602873, 7.658977828602873, 7.658977828602873, 7.658977828602873, 7.658977828602873, 7.658977828602873, 7.658977828602873, 7.658977828602873, 7.658977828602873, 7.658977828602873, 7.658977828602873, 7.658977828602873, 7.658977828602873, 7.658977828602873], "st1": [0, 0, 0.722931338028169, -1.992272562681051, 2.3893966446360224, -3.8174524486282264, 0.2009369744486964, 2.579250552034903, -4.013484837575486, -4.192173362165651, -1.098692758717375, -1.822021934137543, -1.0591794683841185, -0.900583623880097, -0.8773670429032333, -0.12097055852823335, -4.198904764826434, 13.071216638051265, 5.934525461580677, 6.1806796175085115, 7.692141216254593, 4.096265029545732, 8.167368668786239, 8.536848164054378, 4.0643617510109, 4.1246594619162495, 3.7186624983534964, 2.6532133574172416, 3.340438027020766, 5.325175632505998, 2.988811996142361, 2.988811996142361, 2.988811996142361, 2.988811996142361, 2.988811996142361, 2.988811996142361, 2.988811996142361, 2.988811996142361, 2.988811996142361, 2.988811996142361, 2.988811996142361, 2.988811996142361, 2.988811996142361, 2.988811996142361, 2.988811996142361, 2.988811996142361, 2.988811996142361], "delta": [0.0, 0.0, 0.0, 0.0, 0.0, 0.0, 0.0, 0.0, 0.0, 0.0, 0.0, 0.0, 0.0, 0.0, 0.0, 0.0, 0.0, 0.0, 0.0, 0.0, 0.0, 0.0, 0.0, 0.0, 0.0, 0.0, 0.0, 0.0, 0.0, 0.0, 0.0, 0.0, 0.0, 0.0, 0.0], "triggerMax": -66, "dt1": -105, "dt0": -87, "id": 14, "tdc2strip": [45, 46, 8, 7, 6, 5, 4, 3, 2, 1, 8, 7, 6, 5, 4, 3, 2, 1, 16, 15, 14, 13, 12, 11, 10, 9, 16, 15, 14, 13, 12, 11, 10, 9, 17, 17, 18, 18, 19, 19, 20, 20, 21, 21, 22, 22, 23, 23, 24, 24], "first": 1174}, {"polarity": 1, "dtc": [0.0, 0.0, 0.0, 0.0, 0.0, 0.0, 0.0, 0.0, 0.0, 0.0, 0.0, 0.0, 0.0, 0.0, 0.0, 0.0, 0.0, 0.0, 0.0, 0.0, 0.0, 0.0, 0.0, 0.0, 0.0], "last": 784800, "stripShift": 0, "triggerMin": -126, "triggerMean": -96, "side": [2, 2, 1, 1, 1, 1, 1, 1, 1, 1, 0, 0, 0, 0, 0, 0, 0, 0, 1, 1, 1, 1, 1, 1, 1, 1, 0, 0, 0, 0, 0, 0, 0, 0, 1, 1, 1, 0, 1, 0, 1, 0, 1, 0, 1, 0, 1, 0, 1, 0, 1], "chamber": 1, "st0": [0, 0, 4.251705545774648, 2.7244449074767756, 0.5834388099157999, 5.66909295499352, 1.5665689165319812, 3.480227321704395, 4.838973263262837, 3.2619753124431643, 0.17058771297366837, 0.47652805786162356, 2.05819543799861, 3.4205446337090657, 2.510900514171791, 1.3698290856003623, 5.330189183608074, 8.555366488572613, 10.862425312102024, 11.897833253468004, 9.501330510521296, 11.896059545331422, 10.203812709888384, 12.072404981181759, 10.773452744559686, 11.49741107789302, 8.438706624451724, 8.47380840483021, 7.290335111878669, 8.448892601330146, 7.658977828602873, 7.658977828602873, 7.658977828602873, 7.658977828602873, 7.658977828602873, 7.658977828602873, 7.658977828602873, 7.658977828602873, 7.658977828602873, 7.658977828602873, 7.658977828602873, 7.658977828602873, 7.658977828602873, 7.658977828602873, 7.658977828602873, 7.658977828602873, 7.658977828602873], "st1": [0, 0, 0.722931338028169, -1.992272562681051, 2.3893966446360224, -3.8174524486282264, 0.2009369744486964, 2.579250552034903, -4.013484837575486, -4.192173362165651, -1.098692758717375, -1.822021934137543, -1.0591794683841185, -0.900583623880097, -0.8773670429032333, -0.12097055852823335, -4.198904764826434, 13.071216638051265, 5.934525461580677, 6.1806796175085115, 7.692141216254593, 4.096265029545732, 8.167368668786239, 8.536848164054378, 4.0643617510109, 4.1246594619162495, 3.7186624983534964, 2.6532133574172416, 3.340438027020766, 5.325175632505998, 2.988811996142361, 2.988811996142361, 2.988811996142361, 2.988811996142361, 2.988811996142361, 2.988811996142361, 2.988811996142361, 2.988811996142361, 2.988811996142361, 2.988811996142361, 2.988811996142361, 2.988811996142361, 2.988811996142361, 2.988811996142361, 2.988811996142361, 2.988811996142361, 2.988811996142361], "delta": [0.0, 0.0, 0.0, 0.0, 0.0, 0.0, 0.0, 0.0, 0.0, 0.0, 0.0, 0.0, 0.0, 0.0, 0.0, 0.0, 0.0, 0.0, 0.0, 0.0, 0.0, 0.0, 0.0, 0.0, 0.0, 0.0, 0.0, 0.0, 0.0, 0.0, 0.0, 0.0, 0.0, 0.0, 0.0], "triggerMax": -66, "dt1": -105, "dt0": -87, "id": 15, "tdc2strip": [45, 46, 8, 7, 6, 5, 4, 3, 2, 1, 8, 7, 6, 5, 4, 3, 2, 1, 16, 15, 14, 13, 12, 11, 10, 9, 16, 15, 14, 13, 12, 11, 10, 9, 17, 17, 18, 18, 19, 19, 20, 20, 21, 21, 22, 22, 23, 23, 24, 24], "first": 1174}], "plans": {"geometry": [{"shift": [0.0, 0.0, 140.0], "gric": [52, 53, 54, 55, 56, 57], "id": 1}, {"shift": [0.0, 0.0, 120.0], "gric": [22, 23, 24, 25, 26, 27], "id": 2}]}, "align": [{"febs": [{"triggerMax": -66, "dtc": [0.0, 0.0, 0.0, 0.0, 0.0, 0.0, 0.0, 0.0, 0.0, 0.0, 0.0, 0.0, 0.0, 0.0, 0.0, 0.0, 0.0, 0.0, 0.0, 0.0, 0.0, 0.0, 0.0, 0.0, 0.0], "triggerMin": -126, "triggerMean": -96, "dt1": -105, "dt0": -87, "id": 14}, {"triggerMax": -66, "dtc": [0.0, 0.0, 0.0, 0.0, 0.0, 0.0, 0.0, 0.0, 0.0, 0.0, 0.0, 0.0, 0.0, 0.0, 0.0, 0.0, 0.0, 0.0, 0.0, 0.0, 0.0, 0.0, 0.0, 0.0, 0.0], "triggerMin": -126, "triggerMean": -96, "dt1": -105, "dt0": -87, "id": 15}], "last": 784300, "first": 1000}], "difs": {"95": {"dj": 0.0, "di": 0.0, "chamber": 4, "type": "HR2PAD", "polj": 1.0, "poli": 1.0}, "27": {"dj": 0.0, "di": 0.0, "chamber": 1, "type": "HR2PAD", "polj": 1.0, "poli": 1.0}, "5": {"dj": 0.0, "di": 0.0, "chamber": 3, "type": "HR2PAD", "polj": 1.0, "poli": 1.0}, "104": {"dj": 0.0, "di": 0.0, "chamber": 2, "type": "HR2PAD", "polj": 1.0, "poli": 1.0}}, "general": {"directory": "/data/NAS/EM888/Current", "noise": 0, "display": 0}, "chambers": {"1": {"plan": 1, "y1": 33.0, "y0": 0.0, "x0": 0.0, "x1": 50.0, "z0": 101.0, "z1": 101.0}, "3": {"plan": 3, "y1": 33.0, "y0": 0.0, "x0": 0.2, "x1": 50.0, "z0": 59.0, "z1": 59.0}, "2": {"plan": 2, "y1": 33.0, "y0": 0.0, "x0": 0.0, "x1": 50.0, "z0": 91.0, "z1": 91.0}, "4": {" x0": -0.2, "plan": 4, "y1": 33.0, "y0": 0.0, "x1": 50.0, "z0": 49.0, "z1": 49.0}}}