{"febs": [{"polarity": 1, "dtc": [0.0, 0.0, 0.0, 0.0, 0.0, 0.0, 0.0, 0.0, 0.0, 0.0, 0.0, 0.0, 0.0, 0.0, 0.0, 0.0, 0.0, 0.0, 0.0, 0.0, 0.0, 0.0, 0.0, 0.0, 0.0], "last": 784800, "stripShift": 16, "triggerMin": -126, "triggerMean": -96, "side": [2, 2, 1, 1, 1, 1, 1, 1, 1, 1, 0, 0, 0, 0, 0, 0, 0, 0, 1, 1, 1, 1, 1, 1, 1, 1, 0, 0, 0, 0, 0, 0, 0, 0, 1, 1, 1, 0, 1, 0, 1, 0, 1, 0, 1, 0, 1, 0, 1, 0, 1], "chamber": 1, "st0": [0, 0, 4.503272251308901, 3.002607990522099, 0.6933951696515632, 5.8966819191339646, 1.8197515871420125, 3.552608290709048, 4.7535958476213, 3.1143608453402782, 0.0664124651685376, 0.40291924093867976, 1.907327548148711, 3.2500549073572347, 2.2634354322191133, 1.2057833674869705, 5.034387178580841, 8.30169791954679, 10.691115689966216, 11.775119388120705, 9.340740842844303, 11.688089704471182, 9.98175971422784, 11.890189708769324, 10.459780325338569, 11.387035789091234, 8.385840565538103, 8.507285916675592, 7.32741842757223, 8.605121019435746, 7.812827807605066, 7.812827807605066, 7.812827807605066, 7.812827807605066, 7.812827807605066, 7.812827807605066, 7.812827807605066, 7.812827807605066, 7.812827807605066, 7.812827807605066, 7.812827807605066, 7.812827807605066, 7.812827807605066, 7.812827807605066, 7.812827807605066, 7.812827807605066, 7.812827807605066], "st1": [0, 0, 0.6481511780104712, -1.7224518121545036, 2.2514556585486214, -3.9066382855507578, 0.46367735831242163, 2.5076310790996295, -4.282427385304343, -4.099931377092664, -0.9451450773268566, -1.7999581574018961, -1.1252667389065985, -1.0618273363190793, -1.0104140569189215, -0.2514176686500723, -3.6024316572070934, 13.66377043338524, 6.325010315651612, 6.668929764852526, 8.14924058890368, 4.503105047900144, 8.499487551917591, 8.963069020258203, 5.01256809287511, 4.972406179229055, 4.728174754300213, 3.809112563400114, 4.55179138500659, 6.562884724901603, 4.086946885719259, 4.086946885719259, 4.086946885719259, 4.086946885719259, 4.086946885719259, 4.086946885719259, 4.086946885719259, 4.086946885719259, 4.086946885719259, 4.086946885719259, 4.086946885719259, 4.086946885719259, 4.086946885719259, 4.086946885719259, 4.086946885719259, 4.086946885719259, 4.086946885719259], "delta": [0.0, 0.0, 0.0, 0.0, 0.0, 0.0, 0.0, 0.0, 0.0, 0.0, 0.0, 0.0, 0.0, 0.0, 0.0, 0.0, 0.0, 0.0, 0.0, 0.0, 0.0, 0.0, 0.0, 0.0, 0.0, 0.0, 0.0, 0.0, 0.0, 0.0, 0.0, 0.0, 0.0, 0.0, 0.0], "triggerMax": -66, "dt1": -105, "dt0": -87, "id": 14, "tdc2strip": [45, 46, 8, 7, 6, 5, 4, 3, 2, 1, 8, 7, 6, 5, 4, 3, 2, 1, 16, 15, 14, 13, 12, 11, 10, 9, 16, 15, 14, 13, 12, 11, 10, 9, 17, 17, 18, 18, 19, 19, 20, 20, 21, 21, 22, 22, 23, 23, 24, 24], "first": 1174}, {"polarity": 1, "dtc": [0.0, 0.0, 0.0, 0.0, 0.0, 0.0, 0.0, 0.0, 0.0, 0.0, 0.0, 0.0, 0.0, 0.0, 0.0, 0.0, 0.0, 0.0, 0.0, 0.0, 0.0, 0.0, 0.0, 0.0, 0.0], "last": 784800, "stripShift": 0, "triggerMin": -126, "triggerMean": -96, "side": [2, 2, 1, 1, 1, 1, 1, 1, 1, 1, 0, 0, 0, 0, 0, 0, 0, 0, 1, 1, 1, 1, 1, 1, 1, 1, 0, 0, 0, 0, 0, 0, 0, 0, 1, 1, 1, 0, 1, 0, 1, 0, 1, 0, 1, 0, 1, 0, 1, 0, 1], "chamber": 1, "st0": [0, 0, 4.503272251308901, 3.002607990522099, 0.6933951696515632, 5.8966819191339646, 1.8197515871420125, 3.552608290709048, 4.7535958476213, 3.1143608453402782, 0.0664124651685376, 0.40291924093867976, 1.907327548148711, 3.2500549073572347, 2.2634354322191133, 1.2057833674869705, 5.034387178580841, 8.30169791954679, 10.691115689966216, 11.775119388120705, 9.340740842844303, 11.688089704471182, 9.98175971422784, 11.890189708769324, 10.459780325338569, 11.387035789091234, 8.385840565538103, 8.507285916675592, 7.32741842757223, 8.605121019435746, 7.812827807605066, 7.812827807605066, 7.812827807605066, 7.812827807605066, 7.812827807605066, 7.812827807605066, 7.812827807605066, 7.812827807605066, 7.812827807605066, 7.812827807605066, 7.812827807605066, 7.812827807605066, 7.812827807605066, 7.812827807605066, 7.812827807605066, 7.812827807605066, 7.812827807605066], "st1": [0, 0, 0.6481511780104712, -1.7224518121545036, 2.2514556585486214, -3.9066382855507578, 0.46367735831242163, 2.5076310790996295, -4.282427385304343, -4.099931377092664, -0.9451450773268566, -1.7999581574018961, -1.1252667389065985, -1.0618273363190793, -1.0104140569189215, -0.2514176686500723, -3.6024316572070934, 13.66377043338524, 6.325010315651612, 6.668929764852526, 8.14924058890368, 4.503105047900144, 8.499487551917591, 8.963069020258203, 5.01256809287511, 4.972406179229055, 4.728174754300213, 3.809112563400114, 4.55179138500659, 6.562884724901603, 4.086946885719259, 4.086946885719259, 4.086946885719259, 4.086946885719259, 4.086946885719259, 4.086946885719259, 4.086946885719259, 4.086946885719259, 4.086946885719259, 4.086946885719259, 4.086946885719259, 4.086946885719259, 4.086946885719259, 4.086946885719259, 4.086946885719259, 4.086946885719259, 4.086946885719259], "delta": [0.0, 0.0, 0.0, 0.0, 0.0, 0.0, 0.0, 0.0, 0.0, 0.0, 0.0, 0.0, 0.0, 0.0, 0.0, 0.0, 0.0, 0.0, 0.0, 0.0, 0.0, 0.0, 0.0, 0.0, 0.0, 0.0, 0.0, 0.0, 0.0, 0.0, 0.0, 0.0, 0.0, 0.0, 0.0], "triggerMax": -66, "dt1": -105, "dt0": -87, "id": 15, "tdc2strip": [45, 46, 8, 7, 6, 5, 4, 3, 2, 1, 8, 7, 6, 5, 4, 3, 2, 1, 16, 15, 14, 13, 12, 11, 10, 9, 16, 15, 14, 13, 12, 11, 10, 9, 17, 17, 18, 18, 19, 19, 20, 20, 21, 21, 22, 22, 23, 23, 24, 24], "first": 1174}], "plans": {"geometry": [{"shift": [0.0, 0.0, 140.0], "gric": [52, 53, 54, 55, 56, 57], "id": 1}, {"shift": [0.0, 0.0, 120.0], "gric": [22, 23, 24, 25, 26, 27], "id": 2}]}, "align": [{"febs": [{"triggerMax": -66, "dtc": [0.0, 0.0, 0.0, 0.0, 0.0, 0.0, 0.0, 0.0, 0.0, 0.0, 0.0, 0.0, 0.0, 0.0, 0.0, 0.0, 0.0, 0.0, 0.0, 0.0, 0.0, 0.0, 0.0, 0.0, 0.0], "triggerMin": -126, "triggerMean": -96, "dt1": -105, "dt0": -87, "id": 14}, {"triggerMax": -66, "dtc": [0.0, 0.0, 0.0, 0.0, 0.0, 0.0, 0.0, 0.0, 0.0, 0.0, 0.0, 0.0, 0.0, 0.0, 0.0, 0.0, 0.0, 0.0, 0.0, 0.0, 0.0, 0.0, 0.0, 0.0, 0.0], "triggerMin": -126, "triggerMean": -96, "dt1": -105, "dt0": -87, "id": 15}], "last": 784300, "first": 1000}], "difs": {"95": {"dj": 0.0, "di": 0.0, "chamber": 4, "type": "HR2PAD", "polj": 1.0, "poli": 1.0}, "27": {"dj": 0.0, "di": 0.0, "chamber": 1, "type": "HR2PAD", "polj": 1.0, "poli": 1.0}, "5": {"dj": 0.0, "di": 0.0, "chamber": 3, "type": "HR2PAD", "polj": 1.0, "poli": 1.0}, "104": {"dj": 0.0, "di": 0.0, "chamber": 2, "type": "HR2PAD", "polj": 1.0, "poli": 1.0}}, "general": {"directory": "/data/NAS/EM888/Current", "noise": 0, "display": 0}, "chambers": {"1": {"plan": 1, "y1": 33.0, "y0": 0.0, "x0": 0.0, "x1": 50.0, "z0": 101.0, "z1": 101.0}, "3": {"plan": 3, "y1": 33.0, "y0": 0.0, "x0": 0.2, "x1": 50.0, "z0": 59.0, "z1": 59.0}, "2": {"plan": 2, "y1": 33.0, "y0": 0.0, "x0": 0.0, "x1": 50.0, "z0": 91.0, "z1": 91.0}, "4": {" x0": -0.2, "plan": 4, "y1": 33.0, "y0": 0.0, "x1": 50.0, "z0": 49.0, "z1": 49.0}}}