{"febs": [{"polarity": 1, "dtc": [0.0, 0.0, 0.0, 0.0, 0.0, 0.0, 0.0, 0.0, 0.0, 0.0, 0.0, 0.0, 0.0, 0.0, 0.0, 0.0, 0.0, 0.0, 0.0, 0.0, 0.0, 0.0, 0.0, 0.0, 0.0], "last": 784800, "stripShift": 16, "triggerMin": -126, "triggerMean": -96, "side": [2, 2, 1, 1, 1, 1, 1, 1, 1, 1, 0, 0, 0, 0, 0, 0, 0, 0, 1, 1, 1, 1, 1, 1, 1, 1, 0, 0, 0, 0, 0, 0, 0, 0, 1, 1, 1, 0, 1, 0, 1, 0, 1, 0, 1, 0, 1, 0, 1, 0, 1], "chamber": 1, "st0": [0, 0, 4.856552994296578, 3.3709444416649994, 0.8775908968888801, 3.5065656775906344, 1.8855465693103797, 3.5795019933567014, 4.761650724559709, 3.032527329544603, -0.1290236552076207, 0.24624574134410343, 1.8258618062933052, 3.2557066049510235, 2.344129900405569, 1.2394424004055689, 5.102574707060245, 8.421265041189123, 10.760208713152801, 11.792393497577935, 9.275453467393277, 11.715395683396594, 10.03177806628865, 11.933815796703396, 10.47583395661031, 11.35737956471842, 8.355113508088586, 8.462087675352196, 7.391578103280124, 8.637069672752741, 7.718091671968222, 7.718091671968222, 7.718091671968222, 7.718091671968222, 7.718091671968222, 7.718091671968222, 7.718091671968222, 7.718091671968222, 7.718091671968222, 7.718091671968222, 7.718091671968222, 7.718091671968222, 7.718091671968222, 7.718091671968222, 7.718091671968222, 7.718091671968222, 7.718091671968222], "st1": [0, 0, 0.6948075095057035, -1.3205913391785074, 2.41141270311005, -3.67562128811802, 0.866576164111279, 2.314219641631715, -5.409162054796857, -4.435231257969063, -0.41045362137439945, -1.0053148821502615, -0.7480012936161542, -0.3785853959651475, -0.8651778833388849, -0.14387472612239005, -5.340957684755484, 12.18368855069182, 5.371117689013815, 5.627483623171569, 7.106792705202819, 3.6798583664797677, 7.7600200263575685, 7.930502937263866, 3.241368848618448, 3.931230379557282, 3.833781851415017, 2.93216458567825, 3.860894878471043, 5.934392596523781, 5.838268609860601, 5.838268609860601, 5.838268609860601, 5.838268609860601, 5.838268609860601, 5.838268609860601, 5.838268609860601, 5.838268609860601, 5.838268609860601, 5.838268609860601, 5.838268609860601, 5.838268609860601, 5.838268609860601, 5.838268609860601, 5.838268609860601, 5.838268609860601, 5.838268609860601], "delta": [0.0, 0.0, 0.0, 0.0, 0.0, 0.0, 0.0, 0.0, 0.0, 0.0, 0.0, 0.0, 0.0, 0.0, 0.0, 0.0, 0.0, 0.0, 0.0, 0.0, 0.0, 0.0, 0.0, 0.0, 0.0, 0.0, 0.0, 0.0, 0.0, 0.0, 0.0, 0.0, 0.0, 0.0, 0.0], "triggerMax": -66, "dt1": -105, "dt0": -87, "id": 14, "tdc2strip": [45, 46, 8, 7, 6, 5, 4, 3, 2, 1, 8, 7, 6, 5, 4, 3, 2, 1, 16, 15, 14, 13, 12, 11, 10, 9, 16, 15, 14, 13, 12, 11, 10, 9, 17, 17, 18, 18, 19, 19, 20, 20, 21, 21, 22, 22, 23, 23, 24, 24], "first": 1174}, {"polarity": 1, "dtc": [0.0, 0.0, 0.0, 0.0, 0.0, 0.0, 0.0, 0.0, 0.0, 0.0, 0.0, 0.0, 0.0, 0.0, 0.0, 0.0, 0.0, 0.0, 0.0, 0.0, 0.0, 0.0, 0.0, 0.0, 0.0], "last": 784800, "stripShift": 0, "triggerMin": -126, "triggerMean": -96, "side": [2, 2, 1, 1, 1, 1, 1, 1, 1, 1, 0, 0, 0, 0, 0, 0, 0, 0, 1, 1, 1, 1, 1, 1, 1, 1, 0, 0, 0, 0, 0, 0, 0, 0, 1, 1, 1, 0, 1, 0, 1, 0, 1, 0, 1, 0, 1, 0, 1, 0, 1], "chamber": 1, "st0": [0, 0, 4.856552994296578, 3.3709444416649994, 0.8775908968888801, 3.5065656775906344, 1.8855465693103797, 3.5795019933567014, 4.761650724559709, 3.032527329544603, -0.1290236552076207, 0.24624574134410343, 1.8258618062933052, 3.2557066049510235, 2.344129900405569, 1.2394424004055689, 5.102574707060245, 8.421265041189123, 10.760208713152801, 11.792393497577935, 9.275453467393277, 11.715395683396594, 10.03177806628865, 11.933815796703396, 10.47583395661031, 11.35737956471842, 8.355113508088586, 8.462087675352196, 7.391578103280124, 8.637069672752741, 7.718091671968222, 7.718091671968222, 7.718091671968222, 7.718091671968222, 7.718091671968222, 7.718091671968222, 7.718091671968222, 7.718091671968222, 7.718091671968222, 7.718091671968222, 7.718091671968222, 7.718091671968222, 7.718091671968222, 7.718091671968222, 7.718091671968222, 7.718091671968222, 7.718091671968222], "st1": [0, 0, 0.6948075095057035, -1.3205913391785074, 2.41141270311005, -3.67562128811802, 0.866576164111279, 2.314219641631715, -5.409162054796857, -4.435231257969063, -0.41045362137439945, -1.0053148821502615, -0.7480012936161542, -0.3785853959651475, -0.8651778833388849, -0.14387472612239005, -5.340957684755484, 12.18368855069182, 5.371117689013815, 5.627483623171569, 7.106792705202819, 3.6798583664797677, 7.7600200263575685, 7.930502937263866, 3.241368848618448, 3.931230379557282, 3.833781851415017, 2.93216458567825, 3.860894878471043, 5.934392596523781, 5.838268609860601, 5.838268609860601, 5.838268609860601, 5.838268609860601, 5.838268609860601, 5.838268609860601, 5.838268609860601, 5.838268609860601, 5.838268609860601, 5.838268609860601, 5.838268609860601, 5.838268609860601, 5.838268609860601, 5.838268609860601, 5.838268609860601, 5.838268609860601, 5.838268609860601], "delta": [0.0, 0.0, 0.0, 0.0, 0.0, 0.0, 0.0, 0.0, 0.0, 0.0, 0.0, 0.0, 0.0, 0.0, 0.0, 0.0, 0.0, 0.0, 0.0, 0.0, 0.0, 0.0, 0.0, 0.0, 0.0, 0.0, 0.0, 0.0, 0.0, 0.0, 0.0, 0.0, 0.0, 0.0, 0.0], "triggerMax": -66, "dt1": -105, "dt0": -87, "id": 15, "tdc2strip": [45, 46, 8, 7, 6, 5, 4, 3, 2, 1, 8, 7, 6, 5, 4, 3, 2, 1, 16, 15, 14, 13, 12, 11, 10, 9, 16, 15, 14, 13, 12, 11, 10, 9, 17, 17, 18, 18, 19, 19, 20, 20, 21, 21, 22, 22, 23, 23, 24, 24], "first": 1174}], "plans": {"geometry": [{"shift": [0.0, 0.0, 140.0], "gric": [52, 53, 54, 55, 56, 57], "id": 1}, {"shift": [0.0, 0.0, 120.0], "gric": [22, 23, 24, 25, 26, 27], "id": 2}]}, "align": [{"febs": [{"triggerMax": -66, "dtc": [0.0, 0.0, 0.0, 0.0, 0.0, 0.0, 0.0, 0.0, 0.0, 0.0, 0.0, 0.0, 0.0, 0.0, 0.0, 0.0, 0.0, 0.0, 0.0, 0.0, 0.0, 0.0, 0.0, 0.0, 0.0], "triggerMin": -126, "triggerMean": -96, "dt1": -105, "dt0": -87, "id": 14}, {"triggerMax": -66, "dtc": [0.0, 0.0, 0.0, 0.0, 0.0, 0.0, 0.0, 0.0, 0.0, 0.0, 0.0, 0.0, 0.0, 0.0, 0.0, 0.0, 0.0, 0.0, 0.0, 0.0, 0.0, 0.0, 0.0, 0.0, 0.0], "triggerMin": -126, "triggerMean": -96, "dt1": -105, "dt0": -87, "id": 15}], "last": 784300, "first": 1000}], "difs": {"95": {"dj": 0.0, "di": 0.0, "chamber": 4, "type": "HR2PAD", "polj": 1.0, "poli": 1.0}, "27": {"dj": 0.0, "di": 0.0, "chamber": 1, "type": "HR2PAD", "polj": 1.0, "poli": 1.0}, "5": {"dj": 0.0, "di": 0.0, "chamber": 3, "type": "HR2PAD", "polj": 1.0, "poli": 1.0}, "104": {"dj": 0.0, "di": 0.0, "chamber": 2, "type": "HR2PAD", "polj": 1.0, "poli": 1.0}}, "general": {"directory": "/data/NAS/EM888/Current", "noise": 0, "display": 0}, "chambers": {"1": {"plan": 1, "y1": 33.0, "y0": 0.0, "x0": 0.0, "x1": 50.0, "z0": 101.0, "z1": 101.0}, "3": {"plan": 3, "y1": 33.0, "y0": 0.0, "x0": 0.2, "x1": 50.0, "z0": 59.0, "z1": 59.0}, "2": {"plan": 2, "y1": 33.0, "y0": 0.0, "x0": 0.0, "x1": 50.0, "z0": 91.0, "z1": 91.0}, "4": {" x0": -0.2, "plan": 4, "y1": 33.0, "y0": 0.0, "x1": 50.0, "z0": 49.0, "z1": 49.0}}}