{"febs": [{"polarity": 1, "dtc": [0.0, 0.0, 0.0, 0.0, 0.0, 0.0, 0.0, 0.0, 0.0, 0.0, 0.0, 0.0, 0.0, 0.0, 0.0, 0.0, 0.0, 0.0, 0.0, 0.0, 0.0, 0.0, 0.0, 0.0, 0.0], "last": 784800, "stripShift": 16, "triggerMin": -126, "triggerMean": -96, "side": [2, 2, 1, 1, 1, 1, 1, 1, 1, 1, 0, 0, 0, 0, 0, 0, 0, 0, 1, 1, 1, 1, 1, 1, 1, 1, 0, 0, 0, 0, 0, 0, 0, 0, 1, 1, 1, 0, 1, 0, 1, 0, 1, 0, 1, 0, 1, 0, 1, 0, 1], "chamber": 1, "st0": [0, 0, 4.164659525109171, 2.8410530129678904, 0.4322021679423802, 3.123059975965303, 1.5014211678257678, 3.2812893651046795, 5.020062714366191, 3.4142379760656985, 0.09963542206029796, 0.40898068311996877, 1.9993369420655793, 3.428428952341334, 2.4298256421118887, 1.2587029750792664, 5.269404929667282, 8.425779376569936, 10.595134409287411, 11.659932635321246, 9.144268044949625, 11.57099226011591, 9.86430539590506, 11.861391285475612, 10.644944914849201, 11.532189619841636, 8.430110776450832, 8.548830250039833, 7.399000216642886, 8.63159613248447, 7.754584156260364, 7.754584156260364, 7.754584156260364, 7.754584156260364, 7.754584156260364, 7.754584156260364, 7.754584156260364, 7.754584156260364, 7.754584156260364, 7.754584156260364, 7.754584156260364, 7.754584156260364, 7.754584156260364, 7.754584156260364, 7.754584156260364, 7.754584156260364, 7.754584156260364], "st1": [0, 0, 0.78507096069869, -1.999455805305725, 2.368060537168765, -3.6239702651234986, 0.3700340953416177, 2.2913457450014816, -4.843652354477233, -4.216530856632406, -0.7743616397107136, -1.7522382793712075, -0.8819011789418182, -0.7776965743632542, -0.812651163273388, -0.047758891472886145, -4.457198264132062, 13.656107798708229, 7.149107221341024, 7.209246583418091, 8.751784238260434, 5.2395413698544715, 9.342984746087517, 9.659146555903467, 4.654404826924912, 5.0532589541942015, 4.728866218921213, 3.669630848986336, 4.50726801501687, 6.6661801952973985, 6.728455825005496, 6.728455825005496, 6.728455825005496, 6.728455825005496, 6.728455825005496, 6.728455825005496, 6.728455825005496, 6.728455825005496, 6.728455825005496, 6.728455825005496, 6.728455825005496, 6.728455825005496, 6.728455825005496, 6.728455825005496, 6.728455825005496, 6.728455825005496, 6.728455825005496], "delta": [0.0, 0.0, 0.0, 0.0, 0.0, 0.0, 0.0, 0.0, 0.0, 0.0, 0.0, 0.0, 0.0, 0.0, 0.0, 0.0, 0.0, 0.0, 0.0, 0.0, 0.0, 0.0, 0.0, 0.0, 0.0, 0.0, 0.0, 0.0, 0.0, 0.0, 0.0, 0.0, 0.0, 0.0, 0.0], "triggerMax": -66, "dt1": -105, "dt0": -87, "id": 14, "tdc2strip": [45, 46, 8, 7, 6, 5, 4, 3, 2, 1, 8, 7, 6, 5, 4, 3, 2, 1, 16, 15, 14, 13, 12, 11, 10, 9, 16, 15, 14, 13, 12, 11, 10, 9, 17, 17, 18, 18, 19, 19, 20, 20, 21, 21, 22, 22, 23, 23, 24, 24], "first": 1174}, {"polarity": 1, "dtc": [0.0, 0.0, 0.0, 0.0, 0.0, 0.0, 0.0, 0.0, 0.0, 0.0, 0.0, 0.0, 0.0, 0.0, 0.0, 0.0, 0.0, 0.0, 0.0, 0.0, 0.0, 0.0, 0.0, 0.0, 0.0], "last": 784800, "stripShift": 0, "triggerMin": -126, "triggerMean": -96, "side": [2, 2, 1, 1, 1, 1, 1, 1, 1, 1, 0, 0, 0, 0, 0, 0, 0, 0, 1, 1, 1, 1, 1, 1, 1, 1, 0, 0, 0, 0, 0, 0, 0, 0, 1, 1, 1, 0, 1, 0, 1, 0, 1, 0, 1, 0, 1, 0, 1, 0, 1], "chamber": 1, "st0": [0, 0, 4.164659525109171, 2.8410530129678904, 0.4322021679423802, 3.123059975965303, 1.5014211678257678, 3.2812893651046795, 5.020062714366191, 3.4142379760656985, 0.09963542206029796, 0.40898068311996877, 1.9993369420655793, 3.428428952341334, 2.4298256421118887, 1.2587029750792664, 5.269404929667282, 8.425779376569936, 10.595134409287411, 11.659932635321246, 9.144268044949625, 11.57099226011591, 9.86430539590506, 11.861391285475612, 10.644944914849201, 11.532189619841636, 8.430110776450832, 8.548830250039833, 7.399000216642886, 8.63159613248447, 7.754584156260364, 7.754584156260364, 7.754584156260364, 7.754584156260364, 7.754584156260364, 7.754584156260364, 7.754584156260364, 7.754584156260364, 7.754584156260364, 7.754584156260364, 7.754584156260364, 7.754584156260364, 7.754584156260364, 7.754584156260364, 7.754584156260364, 7.754584156260364, 7.754584156260364], "st1": [0, 0, 0.78507096069869, -1.999455805305725, 2.368060537168765, -3.6239702651234986, 0.3700340953416177, 2.2913457450014816, -4.843652354477233, -4.216530856632406, -0.7743616397107136, -1.7522382793712075, -0.8819011789418182, -0.7776965743632542, -0.812651163273388, -0.047758891472886145, -4.457198264132062, 13.656107798708229, 7.149107221341024, 7.209246583418091, 8.751784238260434, 5.2395413698544715, 9.342984746087517, 9.659146555903467, 4.654404826924912, 5.0532589541942015, 4.728866218921213, 3.669630848986336, 4.50726801501687, 6.6661801952973985, 6.728455825005496, 6.728455825005496, 6.728455825005496, 6.728455825005496, 6.728455825005496, 6.728455825005496, 6.728455825005496, 6.728455825005496, 6.728455825005496, 6.728455825005496, 6.728455825005496, 6.728455825005496, 6.728455825005496, 6.728455825005496, 6.728455825005496, 6.728455825005496, 6.728455825005496], "delta": [0.0, 0.0, 0.0, 0.0, 0.0, 0.0, 0.0, 0.0, 0.0, 0.0, 0.0, 0.0, 0.0, 0.0, 0.0, 0.0, 0.0, 0.0, 0.0, 0.0, 0.0, 0.0, 0.0, 0.0, 0.0, 0.0, 0.0, 0.0, 0.0, 0.0, 0.0, 0.0, 0.0, 0.0, 0.0], "triggerMax": -66, "dt1": -105, "dt0": -87, "id": 15, "tdc2strip": [45, 46, 8, 7, 6, 5, 4, 3, 2, 1, 8, 7, 6, 5, 4, 3, 2, 1, 16, 15, 14, 13, 12, 11, 10, 9, 16, 15, 14, 13, 12, 11, 10, 9, 17, 17, 18, 18, 19, 19, 20, 20, 21, 21, 22, 22, 23, 23, 24, 24], "first": 1174}], "plans": {"geometry": [{"shift": [0.0, 0.0, 140.0], "gric": [52, 53, 54, 55, 56, 57], "id": 1}, {"shift": [0.0, 0.0, 120.0], "gric": [22, 23, 24, 25, 26, 27], "id": 2}]}, "align": [{"febs": [{"triggerMax": -66, "dtc": [0.0, 0.0, 0.0, 0.0, 0.0, 0.0, 0.0, 0.0, 0.0, 0.0, 0.0, 0.0, 0.0, 0.0, 0.0, 0.0, 0.0, 0.0, 0.0, 0.0, 0.0, 0.0, 0.0, 0.0, 0.0], "triggerMin": -126, "triggerMean": -96, "dt1": -105, "dt0": -87, "id": 14}, {"triggerMax": -66, "dtc": [0.0, 0.0, 0.0, 0.0, 0.0, 0.0, 0.0, 0.0, 0.0, 0.0, 0.0, 0.0, 0.0, 0.0, 0.0, 0.0, 0.0, 0.0, 0.0, 0.0, 0.0, 0.0, 0.0, 0.0, 0.0], "triggerMin": -126, "triggerMean": -96, "dt1": -105, "dt0": -87, "id": 15}], "last": 784300, "first": 1000}], "difs": {"95": {"dj": 0.0, "di": 0.0, "chamber": 4, "type": "HR2PAD", "polj": 1.0, "poli": 1.0}, "27": {"dj": 0.0, "di": 0.0, "chamber": 1, "type": "HR2PAD", "polj": 1.0, "poli": 1.0}, "5": {"dj": 0.0, "di": 0.0, "chamber": 3, "type": "HR2PAD", "polj": 1.0, "poli": 1.0}, "104": {"dj": 0.0, "di": 0.0, "chamber": 2, "type": "HR2PAD", "polj": 1.0, "poli": 1.0}}, "general": {"directory": "/data/NAS/EM888/Current", "noise": 0, "display": 0}, "chambers": {"1": {"plan": 1, "y1": 33.0, "y0": 0.0, "x0": 0.0, "x1": 50.0, "z0": 101.0, "z1": 101.0}, "3": {"plan": 3, "y1": 33.0, "y0": 0.0, "x0": 0.2, "x1": 50.0, "z0": 59.0, "z1": 59.0}, "2": {"plan": 2, "y1": 33.0, "y0": 0.0, "x0": 0.0, "x1": 50.0, "z0": 91.0, "z1": 91.0}, "4": {" x0": -0.2, "plan": 4, "y1": 33.0, "y0": 0.0, "x1": 50.0, "z0": 49.0, "z1": 49.0}}}