{"febs": [{"polarity": 1, "dtc": [0.0, 0.0, 0.0, 0.0, 0.0, 0.0, 0.0, 0.0, 0.0, 0.0, 0.0, 0.0, 0.0, 0.0, 0.0, 0.0, 0.0, 0.0, 0.0, 0.0, 0.0, 0.0, 0.0, 0.0, 0.0], "last": 784800, "stripShift": 16, "triggerMin": -126, "triggerMean": -96, "side": [2, 2, 1, 1, 1, 1, 1, 1, 1, 1, 0, 0, 0, 0, 0, 0, 0, 0, 1, 1, 1, 1, 1, 1, 1, 1, 0, 0, 0, 0, 0, 0, 0, 0, 1, 1, 1, 0, 1, 0, 1, 0, 1, 0, 1, 0, 1, 0, 1, 0, 1], "chamber": 1, "st0": [0, 0, 2.287028588807786, 0.9168660756221318, -1.4057946049071686, 3.7645727196542347, -0.3554610134791987, 1.649216427507926, 2.7485322692709317, 1.2174424536234498, -1.7859525371853737, -1.4308642312868827, 0.1316674410104146, 1.397330737579042, 0.5302346118480479, -0.44171250353656755, 3.281026747791454, 6.2463750334106285, 8.73734532800232, 9.775623064134255, 7.547222328840137, 9.9222968518926, 8.117284934519718, 10.156676877290803, 8.785730224571138, 9.69690244990746, 6.807854212077846, 7.123028615604817, 6.089211239990566, 7.148917331233881, 6.315870456233881, 6.315870456233881, 6.315870456233881, 6.315870456233881, 6.315870456233881, 6.315870456233881, 6.315870456233881, 6.315870456233881, 6.315870456233881, 6.315870456233881, 6.315870456233881, 6.315870456233881, 6.315870456233881, 6.315870456233881, 6.315870456233881, 6.315870456233881, 6.315870456233881], "st1": [0, 0, -1.5191225669099757, -3.390463547922634, 0.6278640749507121, -5.084058538884665, -0.861747819244485, 1.988786426106016, -3.6189426503730604, -3.8155141431788158, -1.566648679024404, -2.4060101759379844, -1.67782183134339, -1.8479399762576056, -1.5389396107605295, -0.6794474232605295, -3.20027038142786, 12.302673609917013, 4.860579009272314, 5.559414162008446, 7.073445067339328, 3.6117747573234302, 7.706352352662413, 8.370327298783103, 5.284422487067621, 4.58364474043085, 4.198605757165129, 3.409154253015752, 4.378518503630002, 6.145104399351927, 4.138463774351927, 4.138463774351927, 4.138463774351927, 4.138463774351927, 4.138463774351927, 4.138463774351927, 4.138463774351927, 4.138463774351927, 4.138463774351927, 4.138463774351927, 4.138463774351927, 4.138463774351927, 4.138463774351927, 4.138463774351927, 4.138463774351927, 4.138463774351927, 4.138463774351927], "delta": [0.0, 0.0, 0.0, 0.0, 0.0, 0.0, 0.0, 0.0, 0.0, 0.0, 0.0, 0.0, 0.0, 0.0, 0.0, 0.0, 0.0, 0.0, 0.0, 0.0, 0.0, 0.0, 0.0, 0.0, 0.0, 0.0, 0.0, 0.0, 0.0, 0.0, 0.0, 0.0, 0.0, 0.0, 0.0], "triggerMax": -66, "dt1": -105, "dt0": -87, "id": 14, "tdc2strip": [45, 46, 8, 7, 6, 5, 4, 3, 2, 1, 8, 7, 6, 5, 4, 3, 2, 1, 16, 15, 14, 13, 12, 11, 10, 9, 16, 15, 14, 13, 12, 11, 10, 9, 17, 17, 18, 18, 19, 19, 20, 20, 21, 21, 22, 22, 23, 23, 24, 24], "first": 1174}, {"polarity": 1, "dtc": [0.0, 0.0, 0.0, 0.0, 0.0, 0.0, 0.0, 0.0, 0.0, 0.0, 0.0, 0.0, 0.0, 0.0, 0.0, 0.0, 0.0, 0.0, 0.0, 0.0, 0.0, 0.0, 0.0, 0.0, 0.0], "last": 784800, "stripShift": 0, "triggerMin": -126, "triggerMean": -96, "side": [2, 2, 1, 1, 1, 1, 1, 1, 1, 1, 0, 0, 0, 0, 0, 0, 0, 0, 1, 1, 1, 1, 1, 1, 1, 1, 0, 0, 0, 0, 0, 0, 0, 0, 1, 1, 1, 0, 1, 0, 1, 0, 1, 0, 1, 0, 1, 0, 1, 0, 1], "chamber": 1, "st0": [0, 0, 2.287028588807786, 0.9168660756221318, -1.4057946049071686, 3.7645727196542347, -0.3554610134791987, 1.649216427507926, 2.7485322692709317, 1.2174424536234498, -1.7859525371853737, -1.4308642312868827, 0.1316674410104146, 1.397330737579042, 0.5302346118480479, -0.44171250353656755, 3.281026747791454, 6.2463750334106285, 8.73734532800232, 9.775623064134255, 7.547222328840137, 9.9222968518926, 8.117284934519718, 10.156676877290803, 8.785730224571138, 9.69690244990746, 6.807854212077846, 7.123028615604817, 6.089211239990566, 7.148917331233881, 6.315870456233881, 6.315870456233881, 6.315870456233881, 6.315870456233881, 6.315870456233881, 6.315870456233881, 6.315870456233881, 6.315870456233881, 6.315870456233881, 6.315870456233881, 6.315870456233881, 6.315870456233881, 6.315870456233881, 6.315870456233881, 6.315870456233881, 6.315870456233881, 6.315870456233881], "st1": [0, 0, -1.5191225669099757, -3.390463547922634, 0.6278640749507121, -5.084058538884665, -0.861747819244485, 1.988786426106016, -3.6189426503730604, -3.8155141431788158, -1.566648679024404, -2.4060101759379844, -1.67782183134339, -1.8479399762576056, -1.5389396107605295, -0.6794474232605295, -3.20027038142786, 12.302673609917013, 4.860579009272314, 5.559414162008446, 7.073445067339328, 3.6117747573234302, 7.706352352662413, 8.370327298783103, 5.284422487067621, 4.58364474043085, 4.198605757165129, 3.409154253015752, 4.378518503630002, 6.145104399351927, 4.138463774351927, 4.138463774351927, 4.138463774351927, 4.138463774351927, 4.138463774351927, 4.138463774351927, 4.138463774351927, 4.138463774351927, 4.138463774351927, 4.138463774351927, 4.138463774351927, 4.138463774351927, 4.138463774351927, 4.138463774351927, 4.138463774351927, 4.138463774351927, 4.138463774351927], "delta": [0.0, 0.0, 0.0, 0.0, 0.0, 0.0, 0.0, 0.0, 0.0, 0.0, 0.0, 0.0, 0.0, 0.0, 0.0, 0.0, 0.0, 0.0, 0.0, 0.0, 0.0, 0.0, 0.0, 0.0, 0.0, 0.0, 0.0, 0.0, 0.0, 0.0, 0.0, 0.0, 0.0, 0.0, 0.0], "triggerMax": -66, "dt1": -105, "dt0": -87, "id": 15, "tdc2strip": [45, 46, 8, 7, 6, 5, 4, 3, 2, 1, 8, 7, 6, 5, 4, 3, 2, 1, 16, 15, 14, 13, 12, 11, 10, 9, 16, 15, 14, 13, 12, 11, 10, 9, 17, 17, 18, 18, 19, 19, 20, 20, 21, 21, 22, 22, 23, 23, 24, 24], "first": 1174}], "plans": {"geometry": [{"shift": [0.0, 0.0, 140.0], "gric": [52, 53, 54, 55, 56, 57], "id": 1}, {"shift": [0.0, 0.0, 120.0], "gric": [22, 23, 24, 25, 26, 27], "id": 2}]}, "align": [{"febs": [{"triggerMax": -66, "dtc": [0.0, 0.0, 0.0, 0.0, 0.0, 0.0, 0.0, 0.0, 0.0, 0.0, 0.0, 0.0, 0.0, 0.0, 0.0, 0.0, 0.0, 0.0, 0.0, 0.0, 0.0, 0.0, 0.0, 0.0, 0.0], "triggerMin": -126, "triggerMean": -96, "dt1": -105, "dt0": -87, "id": 14}, {"triggerMax": -66, "dtc": [0.0, 0.0, 0.0, 0.0, 0.0, 0.0, 0.0, 0.0, 0.0, 0.0, 0.0, 0.0, 0.0, 0.0, 0.0, 0.0, 0.0, 0.0, 0.0, 0.0, 0.0, 0.0, 0.0, 0.0, 0.0], "triggerMin": -126, "triggerMean": -96, "dt1": -105, "dt0": -87, "id": 15}], "last": 784300, "first": 1000}], "difs": {"95": {"dj": 0.0, "di": 0.0, "chamber": 4, "type": "HR2PAD", "polj": 1.0, "poli": 1.0}, "27": {"dj": 0.0, "di": 0.0, "chamber": 1, "type": "HR2PAD", "polj": 1.0, "poli": 1.0}, "5": {"dj": 0.0, "di": 0.0, "chamber": 3, "type": "HR2PAD", "polj": 1.0, "poli": 1.0}, "104": {"dj": 0.0, "di": 0.0, "chamber": 2, "type": "HR2PAD", "polj": 1.0, "poli": 1.0}}, "general": {"directory": "/data/NAS/EM888/Current", "noise": 0, "display": 0}, "chambers": {"1": {"plan": 1, "y1": 33.0, "y0": 0.0, "x0": 0.0, "x1": 50.0, "z0": 101.0, "z1": 101.0}, "3": {"plan": 3, "y1": 33.0, "y0": 0.0, "x0": 0.2, "x1": 50.0, "z0": 59.0, "z1": 59.0}, "2": {"plan": 2, "y1": 33.0, "y0": 0.0, "x0": 0.0, "x1": 50.0, "z0": 91.0, "z1": 91.0}, "4": {" x0": -0.2, "plan": 4, "y1": 33.0, "y0": 0.0, "x1": 50.0, "z0": 49.0, "z1": 49.0}}}