{"febs": [{"polarity": 1, "dtc": [0.0, 0.0, 0.0, 0.0, 0.0, 0.0, 0.0, 0.0, 0.0, 0.0, 0.0, 0.0, 0.0, 0.0, 0.0, 0.0, 0.0, 0.0, 0.0, 0.0, 0.0, 0.0, 0.0, 0.0, 0.0], "last": 784800, "stripShift": 16, "triggerMin": -126, "triggerMean": -96, "side": [2, 2, 1, 1, 1, 1, 1, 1, 1, 1, 0, 0, 0, 0, 0, 0, 0, 0, 1, 1, 1, 1, 1, 1, 1, 1, 0, 0, 0, 0, 0, 0, 0, 0, 1, 1, 1, 0, 1, 0, 1, 0, 1, 0, 1, 0, 1, 0, 1, 0, 1], "chamber": 1, "st0": [0, 0, 4.3506475225225225, 2.6377114760108946, 0.4051965950585137, 5.444442610159185, 1.3181858166809244, 3.2951530182575013, 4.3164589828007704, 3.1476162316592182, 0.22285319848386287, 0.523570411598617, 1.9423267120018428, 3.016077918565549, 2.2393351301040108, 1.1671093647978883, 4.951683506954751, 7.857287845797726, 10.325710620666836, 11.745077396982627, 9.467547635077864, 11.810965188269353, 10.123730018777827, 12.206239011583582, 10.627210525189025, 11.577102766568334, 9.221884876660077, 9.409384876660077, 8.121757325639669, 9.197054944687288, 7.887879412772394, 7.887879412772394, 7.887879412772394, 7.887879412772394, 7.887879412772394, 7.887879412772394, 7.887879412772394, 7.887879412772394, 7.887879412772394, 7.887879412772394, 7.887879412772394, 7.887879412772394, 7.887879412772394, 7.887879412772394, 7.887879412772394, 7.887879412772394, 7.887879412772394], "st1": [0, 0, -1.627146677927928, -3.9839780732767656, 0.2676960338660912, -5.876101155731225, -2.6313830850790505, 0.13241195996599453, -4.785087288832083, -5.129836147279571, -2.561708185194263, -3.240413786287159, -2.972709653222643, -3.293534942797933, -2.94077051972101, -2.7761101243128468, -4.944538433136376, 10.984083725954532, 3.9670680191482495, 4.746632163885091, 6.887815199599377, 3.7163557581100153, 7.293068328731485, 7.945271566141557, 4.407750307638155, 4.2638925490174655, 4.236369613237649, 3.476165531604996, 3.8856043071152, 6.130395973781867, 3.4182949099520794, 3.4182949099520794, 3.4182949099520794, 3.4182949099520794, 3.4182949099520794, 3.4182949099520794, 3.4182949099520794, 3.4182949099520794, 3.4182949099520794, 3.4182949099520794, 3.4182949099520794, 3.4182949099520794, 3.4182949099520794, 3.4182949099520794, 3.4182949099520794, 3.4182949099520794, 3.4182949099520794], "delta": [0.0, 0.0, 0.0, 0.0, 0.0, 0.0, 0.0, 0.0, 0.0, 0.0, 0.0, 0.0, 0.0, 0.0, 0.0, 0.0, 0.0, 0.0, 0.0, 0.0, 0.0, 0.0, 0.0, 0.0, 0.0, 0.0, 0.0, 0.0, 0.0, 0.0, 0.0, 0.0, 0.0, 0.0, 0.0], "triggerMax": -66, "dt1": -105, "dt0": -87, "id": 14, "tdc2strip": [45, 46, 8, 7, 6, 5, 4, 3, 2, 1, 8, 7, 6, 5, 4, 3, 2, 1, 16, 15, 14, 13, 12, 11, 10, 9, 16, 15, 14, 13, 12, 11, 10, 9, 17, 17, 18, 18, 19, 19, 20, 20, 21, 21, 22, 22, 23, 23, 24, 24], "first": 1174}, {"polarity": 1, "dtc": [0.0, 0.0, 0.0, 0.0, 0.0, 0.0, 0.0, 0.0, 0.0, 0.0, 0.0, 0.0, 0.0, 0.0, 0.0, 0.0, 0.0, 0.0, 0.0, 0.0, 0.0, 0.0, 0.0, 0.0, 0.0], "last": 784800, "stripShift": 0, "triggerMin": -126, "triggerMean": -96, "side": [2, 2, 1, 1, 1, 1, 1, 1, 1, 1, 0, 0, 0, 0, 0, 0, 0, 0, 1, 1, 1, 1, 1, 1, 1, 1, 0, 0, 0, 0, 0, 0, 0, 0, 1, 1, 1, 0, 1, 0, 1, 0, 1, 0, 1, 0, 1, 0, 1, 0, 1], "chamber": 1, "st0": [0, 0, 4.3506475225225225, 2.6377114760108946, 0.4051965950585137, 5.444442610159185, 1.3181858166809244, 3.2951530182575013, 4.3164589828007704, 3.1476162316592182, 0.22285319848386287, 0.523570411598617, 1.9423267120018428, 3.016077918565549, 2.2393351301040108, 1.1671093647978883, 4.951683506954751, 7.857287845797726, 10.325710620666836, 11.745077396982627, 9.467547635077864, 11.810965188269353, 10.123730018777827, 12.206239011583582, 10.627210525189025, 11.577102766568334, 9.221884876660077, 9.409384876660077, 8.121757325639669, 9.197054944687288, 7.887879412772394, 7.887879412772394, 7.887879412772394, 7.887879412772394, 7.887879412772394, 7.887879412772394, 7.887879412772394, 7.887879412772394, 7.887879412772394, 7.887879412772394, 7.887879412772394, 7.887879412772394, 7.887879412772394, 7.887879412772394, 7.887879412772394, 7.887879412772394, 7.887879412772394], "st1": [0, 0, -1.627146677927928, -3.9839780732767656, 0.2676960338660912, -5.876101155731225, -2.6313830850790505, 0.13241195996599453, -4.785087288832083, -5.129836147279571, -2.561708185194263, -3.240413786287159, -2.972709653222643, -3.293534942797933, -2.94077051972101, -2.7761101243128468, -4.944538433136376, 10.984083725954532, 3.9670680191482495, 4.746632163885091, 6.887815199599377, 3.7163557581100153, 7.293068328731485, 7.945271566141557, 4.407750307638155, 4.2638925490174655, 4.236369613237649, 3.476165531604996, 3.8856043071152, 6.130395973781867, 3.4182949099520794, 3.4182949099520794, 3.4182949099520794, 3.4182949099520794, 3.4182949099520794, 3.4182949099520794, 3.4182949099520794, 3.4182949099520794, 3.4182949099520794, 3.4182949099520794, 3.4182949099520794, 3.4182949099520794, 3.4182949099520794, 3.4182949099520794, 3.4182949099520794, 3.4182949099520794, 3.4182949099520794], "delta": [0.0, 0.0, 0.0, 0.0, 0.0, 0.0, 0.0, 0.0, 0.0, 0.0, 0.0, 0.0, 0.0, 0.0, 0.0, 0.0, 0.0, 0.0, 0.0, 0.0, 0.0, 0.0, 0.0, 0.0, 0.0, 0.0, 0.0, 0.0, 0.0, 0.0, 0.0, 0.0, 0.0, 0.0, 0.0], "triggerMax": -66, "dt1": -105, "dt0": -87, "id": 15, "tdc2strip": [45, 46, 8, 7, 6, 5, 4, 3, 2, 1, 8, 7, 6, 5, 4, 3, 2, 1, 16, 15, 14, 13, 12, 11, 10, 9, 16, 15, 14, 13, 12, 11, 10, 9, 17, 17, 18, 18, 19, 19, 20, 20, 21, 21, 22, 22, 23, 23, 24, 24], "first": 1174}], "plans": {"geometry": [{"shift": [0.0, 0.0, 140.0], "gric": [52, 53, 54, 55, 56, 57], "id": 1}, {"shift": [0.0, 0.0, 120.0], "gric": [22, 23, 24, 25, 26, 27], "id": 2}]}, "align": [{"febs": [{"triggerMax": -66, "dtc": [0.0, 0.0, 0.0, 0.0, 0.0, 0.0, 0.0, 0.0, 0.0, 0.0, 0.0, 0.0, 0.0, 0.0, 0.0, 0.0, 0.0, 0.0, 0.0, 0.0, 0.0, 0.0, 0.0, 0.0, 0.0], "triggerMin": -126, "triggerMean": -96, "dt1": -105, "dt0": -87, "id": 14}, {"triggerMax": -66, "dtc": [0.0, 0.0, 0.0, 0.0, 0.0, 0.0, 0.0, 0.0, 0.0, 0.0, 0.0, 0.0, 0.0, 0.0, 0.0, 0.0, 0.0, 0.0, 0.0, 0.0, 0.0, 0.0, 0.0, 0.0, 0.0], "triggerMin": -126, "triggerMean": -96, "dt1": -105, "dt0": -87, "id": 15}], "last": 784300, "first": 1000}], "difs": {"95": {"dj": 0.0, "di": 0.0, "chamber": 4, "type": "HR2PAD", "polj": 1.0, "poli": 1.0}, "27": {"dj": 0.0, "di": 0.0, "chamber": 1, "type": "HR2PAD", "polj": 1.0, "poli": 1.0}, "5": {"dj": 0.0, "di": 0.0, "chamber": 3, "type": "HR2PAD", "polj": 1.0, "poli": 1.0}, "104": {"dj": 0.0, "di": 0.0, "chamber": 2, "type": "HR2PAD", "polj": 1.0, "poli": 1.0}}, "general": {"directory": "/data/NAS/EM888/Current", "noise": 0, "display": 0}, "chambers": {"1": {"plan": 1, "y1": 33.0, "y0": 0.0, "x0": 0.0, "x1": 50.0, "z0": 101.0, "z1": 101.0}, "3": {"plan": 3, "y1": 33.0, "y0": 0.0, "x0": 0.2, "x1": 50.0, "z0": 59.0, "z1": 59.0}, "2": {"plan": 2, "y1": 33.0, "y0": 0.0, "x0": 0.0, "x1": 50.0, "z0": 91.0, "z1": 91.0}, "4": {" x0": -0.2, "plan": 4, "y1": 33.0, "y0": 0.0, "x1": 50.0, "z0": 49.0, "z1": 49.0}}}