{"febs": [{"polarity": 1, "last": 784800, "dtc": [0.0, 0.0, 0.0, 0.0, 0.0, 0.0, 0.0, 0.0, 0.0, 0.0, 0.0, 0.0, 0.0, 0.0, 0.0, 0.0, 0.0, 0.0, 0.0, 0.0, 0.0, 0.0, 0.0, 0.0, 0.0], "triggerMin": -126, "dt1": -105, "triggerMean": -96, "side": [2, 2, 1, 1, 1, 1, 1, 1, 1, 1, 0, 0, 0, 0, 0, 0, 0, 0, 1, 1, 1, 1, 1, 1, 1, 1, 0, 0, 0, 0, 0, 0, 0, 0, 1, 1, 1, 0, 1, 0, 1, 0, 1, 0, 1, 0, 1, 0, 1, 0, 1], "chamber": 1, "st0": [0, 0, 4.9025735294117645, 3.7127587145969496, 1.4823665577342044, 4.192593830461478, 2.426968830461478, 4.039729247128145, 5.352685724618566, 3.5888473040759306, 0.4589003928790194, 0.7499650913714817, 2.2604164802603703, 3.6210935635937034, 2.6939578852017436, 1.5404205588128548, 5.328349383733991, 8.660564799366744, 11.002791084827738, 11.96596072768488, 9.543734675805796, 12.103217967885005, 10.59436841036288, 12.35146547995995, 11.10051273605751, 12.145245177529082, 8.975482620882556, 9.08711723626717, 7.92727462677812, 9.21769543643721, 8.445288521543594, 8.445288521543594, 8.445288521543594, 8.445288521543594, 8.445288521543594, 8.445288521543594, 8.445288521543594, 8.445288521543594, 8.445288521543594, 8.445288521543594, 8.445288521543594, 8.445288521543594, 8.445288521543594, 8.445288521543594, 8.445288521543594, 8.445288521543594, 8.445288521543594], "st1": [0, 0, 0.7757352941176471, -2.102351125635439, 1.414805737109659, -4.062466990163069, 0.7500330098369314, 1.8590987650452648, -6.643602683709525, -2.795885871694021, 1.090214514406365, 0.27135458978324944, 0.4187504231165828, 0.9742191731165828, -0.5909896836673367, 0.24740730707340397, -7.11825219608117, 11.945825523074674, 5.973981920828812, 5.569504504862425, 7.285848203800334, 4.105725601696373, 7.635039760988409, 7.184433076006724, 1.046742527226236, 5.82861961752724, 5.98012547100156, 4.940209605616944, 5.981389179065849, 8.000947062588576, 7.901246264716236, 7.901246264716236, 7.901246264716236, 7.901246264716236, 7.901246264716236, 7.901246264716236, 7.901246264716236, 7.901246264716236, 7.901246264716236, 7.901246264716236, 7.901246264716236, 7.901246264716236, 7.901246264716236, 7.901246264716236, 7.901246264716236, 7.901246264716236, 7.901246264716236], "delta": [0, -18.80061583037793, 28.115867719603962, 36.52643216378695, 41.84628430315434, 36.84395104666286, 33.02909412332342, 44.07204607652128, 69.81056735611472, 34.08286742411176, 21.14425776704521, 20.073680581834704, 24.5740870708508, 20.043542139171894, 34.07048773774419, 33.69116968018571, 70.5205098617481, 44.06062189855284, 31.622712831053367, 36.67641121499556, 34.6978111971456, 32.58300659149493, 38.346957175642935, 43.89601687290906, 67.1988305209418, 28.380882642376662, 22.81468237755369, 22.958908264268267, 21.069139348801812, 22.34951289691787, 25.747807989375563, 0, -149.0046736149341, 0, 0, 0, 0, 0, 0, 0, 0, 0, 0, 0, 0, 0, 0, 0], "triggerMax": -66, "stripShift": 16, "dt0": -87, "id": 14, "tdc2strip": [45, 46, 8, 7, 6, 5, 4, 3, 2, 1, 8, 7, 6, 5, 4, 3, 2, 1, 16, 15, 14, 13, 12, 11, 10, 9, 16, 15, 14, 13, 12, 11, 10, 9, 17, 17, 18, 18, 19, 19, 20, 20, 21, 21, 22, 22, 23, 23, 24, 24], "first": 1174}, {"polarity": 1, "last": 784800, "dtc": [0.0, 0.0, 0.0, 0.0, 0.0, 0.0, 0.0, 0.0, 0.0, 0.0, 0.0, 0.0, 0.0, 0.0, 0.0, 0.0, 0.0, 0.0, 0.0, 0.0, 0.0, 0.0, 0.0, 0.0, 0.0], "triggerMin": -126, "dt1": -105, "triggerMean": -96, "side": [2, 2, 1, 1, 1, 1, 1, 1, 1, 1, 0, 0, 0, 0, 0, 0, 0, 0, 1, 1, 1, 1, 1, 1, 1, 1, 0, 0, 0, 0, 0, 0, 0, 0, 1, 1, 1, 0, 1, 0, 1, 0, 1, 0, 1, 0, 1, 0, 1, 0, 1], "chamber": 1, "st0": [0, 0, 4.9025735294117645, 3.7127587145969496, 1.4823665577342044, 4.192593830461478, 2.426968830461478, 4.039729247128145, 5.352685724618566, 3.5888473040759306, 0.4589003928790194, 0.7499650913714817, 2.2604164802603703, 3.6210935635937034, 2.6939578852017436, 1.5404205588128548, 5.328349383733991, 8.660564799366744, 11.002791084827738, 11.96596072768488, 9.543734675805796, 12.103217967885005, 10.59436841036288, 12.35146547995995, 11.10051273605751, 12.145245177529082, 8.975482620882556, 9.08711723626717, 7.92727462677812, 9.21769543643721, 8.445288521543594, 8.445288521543594, 8.445288521543594, 8.445288521543594, 8.445288521543594, 8.445288521543594, 8.445288521543594, 8.445288521543594, 8.445288521543594, 8.445288521543594, 8.445288521543594, 8.445288521543594, 8.445288521543594, 8.445288521543594, 8.445288521543594, 8.445288521543594, 8.445288521543594], "st1": [0, 0, 0.7757352941176471, -2.102351125635439, 1.414805737109659, -4.062466990163069, 0.7500330098369314, 1.8590987650452648, -6.643602683709525, -2.795885871694021, 1.090214514406365, 0.27135458978324944, 0.4187504231165828, 0.9742191731165828, -0.5909896836673367, 0.24740730707340397, -7.11825219608117, 11.945825523074674, 5.973981920828812, 5.569504504862425, 7.285848203800334, 4.105725601696373, 7.635039760988409, 7.184433076006724, 1.046742527226236, 5.82861961752724, 5.98012547100156, 4.940209605616944, 5.981389179065849, 8.000947062588576, 7.901246264716236, 7.901246264716236, 7.901246264716236, 7.901246264716236, 7.901246264716236, 7.901246264716236, 7.901246264716236, 7.901246264716236, 7.901246264716236, 7.901246264716236, 7.901246264716236, 7.901246264716236, 7.901246264716236, 7.901246264716236, 7.901246264716236, 7.901246264716236, 7.901246264716236], "delta": [0, -18.80061583037793, 28.115867719603962, 36.52643216378695, 41.84628430315434, 36.84395104666286, 33.02909412332342, 44.07204607652128, 69.81056735611472, 34.08286742411176, 21.14425776704521, 20.073680581834704, 24.5740870708508, 20.043542139171894, 34.07048773774419, 33.69116968018571, 70.5205098617481, 44.06062189855284, 31.622712831053367, 36.67641121499556, 34.6978111971456, 32.58300659149493, 38.346957175642935, 43.89601687290906, 67.1988305209418, 28.380882642376662, 22.81468237755369, 22.958908264268267, 21.069139348801812, 22.34951289691787, 25.747807989375563, 0, -149.0046736149341, 0, 0, 0, 0, 0, 0, 0, 0, 0, 0, 0, 0, 0, 0, 0], "triggerMax": -66, "stripShift": 0, "dt0": -87, "id": 15, "tdc2strip": [45, 46, 8, 7, 6, 5, 4, 3, 2, 1, 8, 7, 6, 5, 4, 3, 2, 1, 16, 15, 14, 13, 12, 11, 10, 9, 16, 15, 14, 13, 12, 11, 10, 9, 17, 17, 18, 18, 19, 19, 20, 20, 21, 21, 22, 22, 23, 23, 24, 24], "first": 1174}], "plans": {"geometry": [{"shift": [0.0, 0.0, 140.0], "gric": [52, 53, 54, 55, 56, 57], "id": 1}, {"shift": [0.0, 0.0, 120.0], "gric": [22, 23, 24, 25, 26, 27], "id": 2}]}, "align": [{"febs": [{"triggerMax": -66, "dtc": [0.0, 0.0, 0.0, 0.0, 0.0, 0.0, 0.0, 0.0, 0.0, 0.0, 0.0, 0.0, 0.0, 0.0, 0.0, 0.0, 0.0, 0.0, 0.0, 0.0, 0.0, 0.0, 0.0, 0.0, 0.0], "triggerMin": -126, "triggerMean": -96, "dt1": -105, "dt0": -87, "id": 14}, {"triggerMax": -66, "dtc": [0.0, 0.0, 0.0, 0.0, 0.0, 0.0, 0.0, 0.0, 0.0, 0.0, 0.0, 0.0, 0.0, 0.0, 0.0, 0.0, 0.0, 0.0, 0.0, 0.0, 0.0, 0.0, 0.0, 0.0, 0.0], "triggerMin": -126, "triggerMean": -96, "dt1": -105, "dt0": -87, "id": 15}], "last": 784300, "first": 1000}], "difs": {"95": {"dj": 0.0, "di": 0.0, "chamber": 4, "type": "HR2PAD", "polj": 1.0, "poli": 1.0}, "27": {"dj": 0.0, "di": 0.0, "chamber": 1, "type": "HR2PAD", "polj": 1.0, "poli": 1.0}, "5": {"dj": 0.0, "di": 0.0, "chamber": 3, "type": "HR2PAD", "polj": 1.0, "poli": 1.0}, "104": {"dj": 0.0, "di": 0.0, "chamber": 2, "type": "HR2PAD", "polj": 1.0, "poli": 1.0}}, "general": {"directory": "/data/NAS/EM888/Current", "noise": 1, "display": 0}, "chambers": {"1": {"plan": 1, "y1": 33.0, "y0": 0.0, "x0": 0.0, "x1": 50.0, "z0": 101.0, "z1": 101.0}, "3": {"plan": 3, "y1": 33.0, "y0": 0.0, "x0": 0.2, "x1": 50.0, "z0": 59.0, "z1": 59.0}, "2": {"plan": 2, "y1": 33.0, "y0": 0.0, "x0": 0.0, "x1": 50.0, "z0": 91.0, "z1": 91.0}, "4": {" x0": -0.2, "plan": 4, "y1": 33.0, "y0": 0.0, "x1": 50.0, "z0": 49.0, "z1": 49.0}}}