{"febs": [{"polarity": 1, "last": 784800, "chamber": 1, "dtc": [0.0, 0.0, 0.0, 0.0, 0.0, 0.0, 0.0, 0.0, 0.0, 0.0, 0.0, 0.0, 0.0, 0.0, 0.0, 0.0, 0.0, 0.0, 0.0, 0.0, 0.0, 0.0, 0.0, 0.0, 0.0], "triggerMin": -126, "triggerMean": -96, "id": 14, "stripShift": 16, "st0": [0, 0, 4.867804276315789, 3.6965611696981426, 1.3530064821981425, 3.954974074790735, 2.7157575254949604, 4.376066363385585, 5.602706178418574, 3.8319595680474983, 0.7038477238117471, 1.0463912578290258, 2.5999378848131527, 4.032368820702328, 3.0877142154391706, 1.825266165567048, 5.693011701281334, 9.065419128507362, 11.42368553232356, 12.443126229765607, 9.946449409822703, 12.459233695634998, 10.750386864649082, 12.628635278429917, 11.306214145303548, 12.221582417258222, 9.153610099906624, 9.261759683642145, 8.130305131936975, 9.345057507667969, 8.507720753936626, 8.507720753936626, 8.507720753936626, 8.507720753936626, 8.507720753936626, 8.507720753936626, 8.507720753936626, 8.507720753936626, 8.507720753936626, 8.507720753936626, 8.507720753936626, 8.507720753936626, 8.507720753936626, 8.507720753936626, 8.507720753936626, 8.507720753936626, 8.507720753936626], "st1": [0, 0, 1.0584909539473684, -1.4269180534055728, 2.6154647590944267, -3.306931074238907, 1.392012587732924, 2.7722844993540177, -5.297877052248244, -3.340485282505142, 0.5922921354568613, -0.18183085657877585, -0.05445817139359066, 0.5224310239994506, -0.6260424546189703, 0.08832175573908596, -6.37933284082176, 11.782293142726164, 5.93741942697274, 5.790046700154195, 7.294051721565288, 3.96112859450711, 7.905328516259849, 7.7915969727351815, 2.741519076003991, 4.524058249162631, 4.490781993454869, 3.673991151273402, 4.443479428226097, 6.350209143138378, 6.345957508642737, 6.345957508642737, 6.345957508642737, 6.345957508642737, 6.345957508642737, 6.345957508642737, 6.345957508642737, 6.345957508642737, 6.345957508642737, 6.345957508642737, 6.345957508642737, 6.345957508642737, 6.345957508642737, 6.345957508642737, 6.345957508642737, 6.345957508642737, 6.345957508642737], "delta": [0, 22.5488115095992, 25.80964584829755, 31.28379704785751, 31.57212717613107, 28.908568818558805, 30.15476174778829, 39.82544621529328, 61.35581503149325, 40.46156344973109, 26.79546220748569, 25.977353092091445, 30.840128486770254, 26.922845282670835, 37.657160873541415, 37.41246249957516, 67.96203623919807, 47.570965414536786, 35.066925079230174, 38.42178075441826, 37.932399232075646, 36.23616329622858, 37.72826858530974, 41.49821065807121, 56.02375847697651, 38.54038134527727, 34.894825929420605, 33.644248573686866, 33.64978373229598, 35.72168356401076, 37.28522962355284, 0, -130.8881002799826, 0, 0, 0, 0, 0, 0, 0, 0, 0, 0, 0, 0, 0, 0, 0], "triggerMax": -66, "dt1": -105, "dt0": -87, "side": [2, 2, 1, 1, 1, 1, 1, 1, 1, 1, 0, 0, 0, 0, 0, 0, 0, 0, 1, 1, 1, 1, 1, 1, 1, 1, 0, 0, 0, 0, 0, 0, 0, 0, 1, 1, 1, 0, 1, 0, 1, 0, 1, 0, 1, 0, 1, 0, 1, 0, 1], "tdc2strip": [45, 46, 8, 7, 6, 5, 4, 3, 2, 1, 8, 7, 6, 5, 4, 3, 2, 1, 16, 15, 14, 13, 12, 11, 10, 9, 16, 15, 14, 13, 12, 11, 10, 9, 17, 17, 18, 18, 19, 19, 20, 20, 21, 21, 22, 22, 23, 23, 24, 24], "first": 1174}, {"polarity": 1, "last": 784800, "chamber": 1, "dtc": [0.0, 0.0, 0.0, 0.0, 0.0, 0.0, 0.0, 0.0, 0.0, 0.0, 0.0, 0.0, 0.0, 0.0, 0.0, 0.0, 0.0, 0.0, 0.0, 0.0, 0.0, 0.0, 0.0, 0.0, 0.0], "triggerMin": -126, "triggerMean": -96, "id": 15, "stripShift": 0, "st0": [0, 0, 4.867804276315789, 3.6965611696981426, 1.3530064821981425, 3.954974074790735, 2.7157575254949604, 4.376066363385585, 5.602706178418574, 3.8319595680474983, 0.7038477238117471, 1.0463912578290258, 2.5999378848131527, 4.032368820702328, 3.0877142154391706, 1.825266165567048, 5.693011701281334, 9.065419128507362, 11.42368553232356, 12.443126229765607, 9.946449409822703, 12.459233695634998, 10.750386864649082, 12.628635278429917, 11.306214145303548, 12.221582417258222, 9.153610099906624, 9.261759683642145, 8.130305131936975, 9.345057507667969, 8.507720753936626, 8.507720753936626, 8.507720753936626, 8.507720753936626, 8.507720753936626, 8.507720753936626, 8.507720753936626, 8.507720753936626, 8.507720753936626, 8.507720753936626, 8.507720753936626, 8.507720753936626, 8.507720753936626, 8.507720753936626, 8.507720753936626, 8.507720753936626, 8.507720753936626], "st1": [0, 0, 1.0584909539473684, -1.4269180534055728, 2.6154647590944267, -3.306931074238907, 1.392012587732924, 2.7722844993540177, -5.297877052248244, -3.340485282505142, 0.5922921354568613, -0.18183085657877585, -0.05445817139359066, 0.5224310239994506, -0.6260424546189703, 0.08832175573908596, -6.37933284082176, 11.782293142726164, 5.93741942697274, 5.790046700154195, 7.294051721565288, 3.96112859450711, 7.905328516259849, 7.7915969727351815, 2.741519076003991, 4.524058249162631, 4.490781993454869, 3.673991151273402, 4.443479428226097, 6.350209143138378, 6.345957508642737, 6.345957508642737, 6.345957508642737, 6.345957508642737, 6.345957508642737, 6.345957508642737, 6.345957508642737, 6.345957508642737, 6.345957508642737, 6.345957508642737, 6.345957508642737, 6.345957508642737, 6.345957508642737, 6.345957508642737, 6.345957508642737, 6.345957508642737, 6.345957508642737], "delta": [0, 22.5488115095992, 25.80964584829755, 31.28379704785751, 31.57212717613107, 28.908568818558805, 30.15476174778829, 39.82544621529328, 61.35581503149325, 40.46156344973109, 26.79546220748569, 25.977353092091445, 30.840128486770254, 26.922845282670835, 37.657160873541415, 37.41246249957516, 67.96203623919807, 47.570965414536786, 35.066925079230174, 38.42178075441826, 37.932399232075646, 36.23616329622858, 37.72826858530974, 41.49821065807121, 56.02375847697651, 38.54038134527727, 34.894825929420605, 33.644248573686866, 33.64978373229598, 35.72168356401076, 37.28522962355284, 0, -130.8881002799826, 0, 0, 0, 0, 0, 0, 0, 0, 0, 0, 0, 0, 0, 0, 0], "triggerMax": -66, "dt1": -105, "dt0": -87, "side": [2, 2, 1, 1, 1, 1, 1, 1, 1, 1, 0, 0, 0, 0, 0, 0, 0, 0, 1, 1, 1, 1, 1, 1, 1, 1, 0, 0, 0, 0, 0, 0, 0, 0, 1, 1, 1, 0, 1, 0, 1, 0, 1, 0, 1, 0, 1, 0, 1, 0, 1], "tdc2strip": [45, 46, 8, 7, 6, 5, 4, 3, 2, 1, 8, 7, 6, 5, 4, 3, 2, 1, 16, 15, 14, 13, 12, 11, 10, 9, 16, 15, 14, 13, 12, 11, 10, 9, 17, 17, 18, 18, 19, 19, 20, 20, 21, 21, 22, 22, 23, 23, 24, 24], "first": 1174}], "plans": {"geometry": [{"shift": [0.0, 0.0, 140.0], "gric": [52, 53, 54, 55, 56, 57], "id": 1}, {"shift": [0.0, 0.0, 120.0], "gric": [22, 23, 24, 25, 26, 27], "id": 2}]}, "align": [{"febs": [{"triggerMax": -66, "dtc": [0.0, 0.0, 0.0, 0.0, 0.0, 0.0, 0.0, 0.0, 0.0, 0.0, 0.0, 0.0, 0.0, 0.0, 0.0, 0.0, 0.0, 0.0, 0.0, 0.0, 0.0, 0.0, 0.0, 0.0, 0.0], "triggerMin": -126, "triggerMean": -96, "dt1": -105, "dt0": -87, "id": 14}, {"triggerMax": -66, "dtc": [0.0, 0.0, 0.0, 0.0, 0.0, 0.0, 0.0, 0.0, 0.0, 0.0, 0.0, 0.0, 0.0, 0.0, 0.0, 0.0, 0.0, 0.0, 0.0, 0.0, 0.0, 0.0, 0.0, 0.0, 0.0], "triggerMin": -126, "triggerMean": -96, "dt1": -105, "dt0": -87, "id": 15}], "last": 784300, "first": 1000}], "difs": {"5": {"dj": 0.0, "di": 0.0, "chamber": 3, "type": "HR2PAD", "polj": 1.0, "poli": 1.0}, "27": {"dj": 0.0, "di": 0.0, "chamber": 1, "type": "HR2PAD", "polj": 1.0, "poli": 1.0}, "95": {"dj": 0.0, "di": 0.0, "chamber": 4, "type": "HR2PAD", "polj": 1.0, "poli": 1.0}, "104": {"dj": 0.0, "di": 0.0, "chamber": 2, "type": "HR2PAD", "polj": 1.0, "poli": 1.0}}, "general": {"directory": "/data/NAS/EM888/Current", "noise": 0, "display": 0}, "chambers": {"1": {"plan": 1, "y1": 33.0, "y0": 0.0, "x0": 0.0, "x1": 50.0, "z0": 101.0, "z1": 101.0}, "3": {"plan": 3, "y1": 33.0, "y0": 0.0, "x0": 0.2, "x1": 50.0, "z0": 59.0, "z1": 59.0}, "2": {"plan": 2, "y1": 33.0, "y0": 0.0, "x0": 0.0, "x1": 50.0, "z0": 91.0, "z1": 91.0}, "4": {" x0": -0.2, "plan": 4, "y1": 33.0, "y0": 0.0, "x1": 50.0, "z0": 49.0, "z1": 49.0}}}