{"febs": [{"polarity": 1, "last": 784800, "chamber": 1, "dtc": [0.0, 0.0, 0.0, 0.0, 0.0, 0.0, 0.0, 0.0, 0.0, 0.0, 0.0, 0.0, 0.0, 0.0, 0.0, 0.0, 0.0, 0.0, 0.0, 0.0, 0.0, 0.0, 0.0, 0.0, 0.0], "triggerMin": -126, "triggerMean": -96, "id": 14, "stripShift": 16, "st0": [0, 0, 3.897590361445783, 2.6036753769737335, 0.10195409774711495, 2.6689150814749256, 1.673832594165281, 3.38453149250734, 5.197394996003001, 3.453390755225662, -0.09117911475374063, 0.24477967271219941, 1.896300532483773, 3.262798097418838, 2.2964133497124157, 1.0805700412351786, 5.19313447422487, 8.44177948165797, 10.441900699656419, 11.522359111754717, 9.035338515163808, 11.4605987537069, 9.946701048628775, 11.942659060211787, 10.86367569505315, 11.785846211357498, 8.644757226606295, 8.800250350580022, 7.607379256830022, 8.87829233384099, 8.043862509279586, 8.043862509279586, 8.043862509279586, 8.043862509279586, 8.043862509279586, 8.043862509279586, 8.043862509279586, 8.043862509279586, 8.043862509279586, 8.043862509279586, 8.043862509279586, 8.043862509279586, 8.043862509279586, 8.043862509279586, 8.043862509279586, 8.043862509279586, 8.043862509279586], "st1": [0, 0, 1.0066359186746987, -2.077991410517848, 2.8226310602555333, -3.3418474900403243, 0.3776956571677976, 1.856057895387693, -5.303465519511054, -3.194605176955059, 0.6141253521386587, -0.39114329568150485, 0.39594625063829214, 0.5836187344045259, 0.33125796175544336, 1.1282556069673744, -4.399724418805821, 14.493952089374137, 8.225054203416029, 7.937738070382003, 9.621189774927457, 6.112711983374789, 10.125651436499789, 10.16285381745217, 4.9639058885450025, 6.447587953762394, 6.1878568141155235, 5.2270091129660985, 6.279350150292487, 8.42470621176415, 8.481807515370388, 8.481807515370388, 8.481807515370388, 8.481807515370388, 8.481807515370388, 8.481807515370388, 8.481807515370388, 8.481807515370388, 8.481807515370388, 8.481807515370388, 8.481807515370388, 8.481807515370388, 8.481807515370388, 8.481807515370388, 8.481807515370388, 8.481807515370388, 8.481807515370388], "delta": [0, 25.669053216597224, 15.952849075486839, 28.784568169468915, 21.01194165073591, 20.244051781622193, 29.91169221349224, 39.83072055575533, 59.21771780826387, 37.43322314262579, 21.110094076743376, 22.119229847635996, 22.531842750127062, 21.26734167819026, 24.347378731566536, 25.67658613774461, 49.320003631845466, 24.606037519557024, 11.629480758561813, 16.544478220833746, 14.816873459669415, 13.95656070541446, 16.318947062060065, 20.308454783017325, 37.6025046377967, 21.748521626101905, 19.474859566983515, 19.544305400973407, 17.249881661155573, 17.75505977491635, 18.827267407915777, 0, -74.27622804664735, 0, 0, 0, 0, 0, 0, 0, 0, 0, 0, 0, 0, 0, 0, 0], "triggerMax": -66, "dt1": -105, "dt0": -87, "side": [2, 2, 1, 1, 1, 1, 1, 1, 1, 1, 0, 0, 0, 0, 0, 0, 0, 0, 1, 1, 1, 1, 1, 1, 1, 1, 0, 0, 0, 0, 0, 0, 0, 0, 1, 1, 1, 0, 1, 0, 1, 0, 1, 0, 1, 0, 1, 0, 1, 0, 1], "tdc2strip": [45, 46, 8, 7, 6, 5, 4, 3, 2, 1, 8, 7, 6, 5, 4, 3, 2, 1, 16, 15, 14, 13, 12, 11, 10, 9, 16, 15, 14, 13, 12, 11, 10, 9, 17, 17, 18, 18, 19, 19, 20, 20, 21, 21, 22, 22, 23, 23, 24, 24], "first": 1174}, {"polarity": 1, "last": 784800, "chamber": 1, "dtc": [0.0, 0.0, 0.0, 0.0, 0.0, 0.0, 0.0, 0.0, 0.0, 0.0, 0.0, 0.0, 0.0, 0.0, 0.0, 0.0, 0.0, 0.0, 0.0, 0.0, 0.0, 0.0, 0.0, 0.0, 0.0], "triggerMin": -126, "triggerMean": -96, "id": 15, "stripShift": 0, "st0": [0, 0, 3.897590361445783, 2.6036753769737335, 0.10195409774711495, 2.6689150814749256, 1.673832594165281, 3.38453149250734, 5.197394996003001, 3.453390755225662, -0.09117911475374063, 0.24477967271219941, 1.896300532483773, 3.262798097418838, 2.2964133497124157, 1.0805700412351786, 5.19313447422487, 8.44177948165797, 10.441900699656419, 11.522359111754717, 9.035338515163808, 11.4605987537069, 9.946701048628775, 11.942659060211787, 10.86367569505315, 11.785846211357498, 8.644757226606295, 8.800250350580022, 7.607379256830022, 8.87829233384099, 8.043862509279586, 8.043862509279586, 8.043862509279586, 8.043862509279586, 8.043862509279586, 8.043862509279586, 8.043862509279586, 8.043862509279586, 8.043862509279586, 8.043862509279586, 8.043862509279586, 8.043862509279586, 8.043862509279586, 8.043862509279586, 8.043862509279586, 8.043862509279586, 8.043862509279586], "st1": [0, 0, 1.0066359186746987, -2.077991410517848, 2.8226310602555333, -3.3418474900403243, 0.3776956571677976, 1.856057895387693, -5.303465519511054, -3.194605176955059, 0.6141253521386587, -0.39114329568150485, 0.39594625063829214, 0.5836187344045259, 0.33125796175544336, 1.1282556069673744, -4.399724418805821, 14.493952089374137, 8.225054203416029, 7.937738070382003, 9.621189774927457, 6.112711983374789, 10.125651436499789, 10.16285381745217, 4.9639058885450025, 6.447587953762394, 6.1878568141155235, 5.2270091129660985, 6.279350150292487, 8.42470621176415, 8.481807515370388, 8.481807515370388, 8.481807515370388, 8.481807515370388, 8.481807515370388, 8.481807515370388, 8.481807515370388, 8.481807515370388, 8.481807515370388, 8.481807515370388, 8.481807515370388, 8.481807515370388, 8.481807515370388, 8.481807515370388, 8.481807515370388, 8.481807515370388, 8.481807515370388], "delta": [0, 25.669053216597224, 15.952849075486839, 28.784568169468915, 21.01194165073591, 20.244051781622193, 29.91169221349224, 39.83072055575533, 59.21771780826387, 37.43322314262579, 21.110094076743376, 22.119229847635996, 22.531842750127062, 21.26734167819026, 24.347378731566536, 25.67658613774461, 49.320003631845466, 24.606037519557024, 11.629480758561813, 16.544478220833746, 14.816873459669415, 13.95656070541446, 16.318947062060065, 20.308454783017325, 37.6025046377967, 21.748521626101905, 19.474859566983515, 19.544305400973407, 17.249881661155573, 17.75505977491635, 18.827267407915777, 0, -74.27622804664735, 0, 0, 0, 0, 0, 0, 0, 0, 0, 0, 0, 0, 0, 0, 0], "triggerMax": -66, "dt1": -105, "dt0": -87, "side": [2, 2, 1, 1, 1, 1, 1, 1, 1, 1, 0, 0, 0, 0, 0, 0, 0, 0, 1, 1, 1, 1, 1, 1, 1, 1, 0, 0, 0, 0, 0, 0, 0, 0, 1, 1, 1, 0, 1, 0, 1, 0, 1, 0, 1, 0, 1, 0, 1, 0, 1], "tdc2strip": [45, 46, 8, 7, 6, 5, 4, 3, 2, 1, 8, 7, 6, 5, 4, 3, 2, 1, 16, 15, 14, 13, 12, 11, 10, 9, 16, 15, 14, 13, 12, 11, 10, 9, 17, 17, 18, 18, 19, 19, 20, 20, 21, 21, 22, 22, 23, 23, 24, 24], "first": 1174}], "plans": {"geometry": [{"shift": [0.0, 0.0, 140.0], "gric": [52, 53, 54, 55, 56, 57], "id": 1}, {"shift": [0.0, 0.0, 120.0], "gric": [22, 23, 24, 25, 26, 27], "id": 2}]}, "align": [{"febs": [{"triggerMax": -66, "dtc": [0.0, 0.0, 0.0, 0.0, 0.0, 0.0, 0.0, 0.0, 0.0, 0.0, 0.0, 0.0, 0.0, 0.0, 0.0, 0.0, 0.0, 0.0, 0.0, 0.0, 0.0, 0.0, 0.0, 0.0, 0.0], "triggerMin": -126, "triggerMean": -96, "dt1": -105, "dt0": -87, "id": 14}, {"triggerMax": -66, "dtc": [0.0, 0.0, 0.0, 0.0, 0.0, 0.0, 0.0, 0.0, 0.0, 0.0, 0.0, 0.0, 0.0, 0.0, 0.0, 0.0, 0.0, 0.0, 0.0, 0.0, 0.0, 0.0, 0.0, 0.0, 0.0], "triggerMin": -126, "triggerMean": -96, "dt1": -105, "dt0": -87, "id": 15}], "last": 784300, "first": 1000}], "difs": {"5": {"dj": 0.0, "di": 0.0, "chamber": 3, "type": "HR2PAD", "polj": 1.0, "poli": 1.0}, "27": {"dj": 0.0, "di": 0.0, "chamber": 1, "type": "HR2PAD", "polj": 1.0, "poli": 1.0}, "95": {"dj": 0.0, "di": 0.0, "chamber": 4, "type": "HR2PAD", "polj": 1.0, "poli": 1.0}, "104": {"dj": 0.0, "di": 0.0, "chamber": 2, "type": "HR2PAD", "polj": 1.0, "poli": 1.0}}, "general": {"directory": "/data/NAS/EM888/Current", "noise": 0, "display": 0}, "chambers": {"1": {"plan": 1, "y1": 33.0, "y0": 0.0, "x0": 0.0, "x1": 50.0, "z0": 101.0, "z1": 101.0}, "3": {"plan": 3, "y1": 33.0, "y0": 0.0, "x0": 0.2, "x1": 50.0, "z0": 59.0, "z1": 59.0}, "2": {"plan": 2, "y1": 33.0, "y0": 0.0, "x0": 0.0, "x1": 50.0, "z0": 91.0, "z1": 91.0}, "4": {" x0": -0.2, "plan": 4, "y1": 33.0, "y0": 0.0, "x1": 50.0, "z0": 49.0, "z1": 49.0}}}