{"febs": [{"polarity": 1, "last": 784800, "chamber": 1, "dtc": [0.0, 0.0, 0.0, 0.0, 0.0, 0.0, 0.0, 0.0, 0.0, 0.0, 0.0, 0.0, 0.0, 0.0, 0.0, 0.0, 0.0, 0.0, 0.0, 0.0, 0.0, 0.0, 0.0, 0.0, 0.0], "triggerMin": -126, "triggerMean": -96, "id": 14, "stripShift": 16, "st0": [0, 0, 3.776739848336595, 2.0927051948712485, -0.43505823488081763, 2.1065619288096586, 1.2065336482666722, 3.1463122941000057, 5.119959110137741, 3.410819155327692, -0.036283709255641394, 0.2661673220289655, 1.9662552126539656, 3.294551133346764, 2.4233710409306055, 1.1120851456603353, 5.36156583969748, 8.592090481986828, 10.649345601928081, 11.72075324162259, 9.216250794893156, 11.694893546372446, 10.144989405268152, 11.986782168426046, 10.969398062465782, 11.74271598338415, 8.636952966397445, 8.805083993845516, 7.650876477505647, 8.876290484988042, 8.029211045735705, 8.029211045735705, 8.029211045735705, 8.029211045735705, 8.029211045735705, 8.029211045735705, 8.029211045735705, 8.029211045735705, 8.029211045735705, 8.029211045735705, 8.029211045735705, 8.029211045735705, 8.029211045735705, 8.029211045735705, 8.029211045735705, 8.029211045735705, 8.029211045735705], "st1": [0, 0, 0.9538894324853229, -1.822162547712697, 2.93877064787959, -3.1102512395212036, 0.40544446183626226, 2.1045614865758457, -4.8264290794618905, -3.7658606626420372, -0.44646803331151297, -1.377747449147615, -0.506370496022615, -0.46941601790046367, -0.5064003452632686, 0.4523728810880827, -5.562114227905075, 12.908782621688424, 6.577553274837902, 6.4025544832679095, 8.156245870160873, 4.672273052113535, 8.875527461622738, 9.071267593201686, 3.7499849980030104, 4.743434721642466, 4.429919212041285, 3.455327223910721, 4.393644217374773, 6.423986426881816, 6.464114931554714, 6.464114931554714, 6.464114931554714, 6.464114931554714, 6.464114931554714, 6.464114931554714, 6.464114931554714, 6.464114931554714, 6.464114931554714, 6.464114931554714, 6.464114931554714, 6.464114931554714, 6.464114931554714, 6.464114931554714, 6.464114931554714, 6.464114931554714, 6.464114931554714], "delta": [0, 23.988097494205217, 15.107670751497624, 22.666097985526747, 15.942510457378674, 13.846439633895617, 26.262537172010703, 36.39319293142145, 55.22020604562103, 41.924808689268936, 29.871056125949647, 30.347773870308195, 30.163299288923543, 29.89805680697933, 32.085147387324575, 32.05161856567461, 59.76935136948837, 37.839227032280355, 25.62041979932422, 29.63296878338987, 27.25990771665136, 26.634168242811356, 27.280105828803578, 28.88973187717998, 47.65278247324222, 34.24378185775436, 32.63841324838729, 32.773970800218784, 31.473173322404115, 32.76048196649661, 33.882211255266185, 0, -98.18628215904423, 0, 0, 0, 0, 0, 0, 0, 0, 0, 0, 0, 0, 0, 0, 0], "triggerMax": -66, "dt1": -105, "dt0": -87, "side": [2, 2, 1, 1, 1, 1, 1, 1, 1, 1, 0, 0, 0, 0, 0, 0, 0, 0, 1, 1, 1, 1, 1, 1, 1, 1, 0, 0, 0, 0, 0, 0, 0, 0, 1, 1, 1, 0, 1, 0, 1, 0, 1, 0, 1, 0, 1, 0, 1, 0, 1], "tdc2strip": [45, 46, 8, 7, 6, 5, 4, 3, 2, 1, 8, 7, 6, 5, 4, 3, 2, 1, 16, 15, 14, 13, 12, 11, 10, 9, 16, 15, 14, 13, 12, 11, 10, 9, 17, 17, 18, 18, 19, 19, 20, 20, 21, 21, 22, 22, 23, 23, 24, 24], "first": 1174}, {"polarity": 1, "last": 784800, "chamber": 1, "dtc": [0.0, 0.0, 0.0, 0.0, 0.0, 0.0, 0.0, 0.0, 0.0, 0.0, 0.0, 0.0, 0.0, 0.0, 0.0, 0.0, 0.0, 0.0, 0.0, 0.0, 0.0, 0.0, 0.0, 0.0, 0.0], "triggerMin": -126, "triggerMean": -96, "id": 15, "stripShift": 0, "st0": [0, 0, 3.776739848336595, 2.0927051948712485, -0.43505823488081763, 2.1065619288096586, 1.2065336482666722, 3.1463122941000057, 5.119959110137741, 3.410819155327692, -0.036283709255641394, 0.2661673220289655, 1.9662552126539656, 3.294551133346764, 2.4233710409306055, 1.1120851456603353, 5.36156583969748, 8.592090481986828, 10.649345601928081, 11.72075324162259, 9.216250794893156, 11.694893546372446, 10.144989405268152, 11.986782168426046, 10.969398062465782, 11.74271598338415, 8.636952966397445, 8.805083993845516, 7.650876477505647, 8.876290484988042, 8.029211045735705, 8.029211045735705, 8.029211045735705, 8.029211045735705, 8.029211045735705, 8.029211045735705, 8.029211045735705, 8.029211045735705, 8.029211045735705, 8.029211045735705, 8.029211045735705, 8.029211045735705, 8.029211045735705, 8.029211045735705, 8.029211045735705, 8.029211045735705, 8.029211045735705], "st1": [0, 0, 0.9538894324853229, -1.822162547712697, 2.93877064787959, -3.1102512395212036, 0.40544446183626226, 2.1045614865758457, -4.8264290794618905, -3.7658606626420372, -0.44646803331151297, -1.377747449147615, -0.506370496022615, -0.46941601790046367, -0.5064003452632686, 0.4523728810880827, -5.562114227905075, 12.908782621688424, 6.577553274837902, 6.4025544832679095, 8.156245870160873, 4.672273052113535, 8.875527461622738, 9.071267593201686, 3.7499849980030104, 4.743434721642466, 4.429919212041285, 3.455327223910721, 4.393644217374773, 6.423986426881816, 6.464114931554714, 6.464114931554714, 6.464114931554714, 6.464114931554714, 6.464114931554714, 6.464114931554714, 6.464114931554714, 6.464114931554714, 6.464114931554714, 6.464114931554714, 6.464114931554714, 6.464114931554714, 6.464114931554714, 6.464114931554714, 6.464114931554714, 6.464114931554714, 6.464114931554714], "delta": [0, 23.988097494205217, 15.107670751497624, 22.666097985526747, 15.942510457378674, 13.846439633895617, 26.262537172010703, 36.39319293142145, 55.22020604562103, 41.924808689268936, 29.871056125949647, 30.347773870308195, 30.163299288923543, 29.89805680697933, 32.085147387324575, 32.05161856567461, 59.76935136948837, 37.839227032280355, 25.62041979932422, 29.63296878338987, 27.25990771665136, 26.634168242811356, 27.280105828803578, 28.88973187717998, 47.65278247324222, 34.24378185775436, 32.63841324838729, 32.773970800218784, 31.473173322404115, 32.76048196649661, 33.882211255266185, 0, -98.18628215904423, 0, 0, 0, 0, 0, 0, 0, 0, 0, 0, 0, 0, 0, 0, 0], "triggerMax": -66, "dt1": -105, "dt0": -87, "side": [2, 2, 1, 1, 1, 1, 1, 1, 1, 1, 0, 0, 0, 0, 0, 0, 0, 0, 1, 1, 1, 1, 1, 1, 1, 1, 0, 0, 0, 0, 0, 0, 0, 0, 1, 1, 1, 0, 1, 0, 1, 0, 1, 0, 1, 0, 1, 0, 1, 0, 1], "tdc2strip": [45, 46, 8, 7, 6, 5, 4, 3, 2, 1, 8, 7, 6, 5, 4, 3, 2, 1, 16, 15, 14, 13, 12, 11, 10, 9, 16, 15, 14, 13, 12, 11, 10, 9, 17, 17, 18, 18, 19, 19, 20, 20, 21, 21, 22, 22, 23, 23, 24, 24], "first": 1174}], "plans": {"geometry": [{"shift": [0.0, 0.0, 140.0], "gric": [52, 53, 54, 55, 56, 57], "id": 1}, {"shift": [0.0, 0.0, 120.0], "gric": [22, 23, 24, 25, 26, 27], "id": 2}]}, "align": [{"febs": [{"triggerMax": -66, "dtc": [0.0, 0.0, 0.0, 0.0, 0.0, 0.0, 0.0, 0.0, 0.0, 0.0, 0.0, 0.0, 0.0, 0.0, 0.0, 0.0, 0.0, 0.0, 0.0, 0.0, 0.0, 0.0, 0.0, 0.0, 0.0], "triggerMin": -126, "triggerMean": -96, "dt1": -105, "dt0": -87, "id": 14}, {"triggerMax": -66, "dtc": [0.0, 0.0, 0.0, 0.0, 0.0, 0.0, 0.0, 0.0, 0.0, 0.0, 0.0, 0.0, 0.0, 0.0, 0.0, 0.0, 0.0, 0.0, 0.0, 0.0, 0.0, 0.0, 0.0, 0.0, 0.0], "triggerMin": -126, "triggerMean": -96, "dt1": -105, "dt0": -87, "id": 15}], "last": 784300, "first": 1000}], "difs": {"5": {"dj": 0.0, "di": 0.0, "chamber": 3, "type": "HR2PAD", "polj": 1.0, "poli": 1.0}, "27": {"dj": 0.0, "di": 0.0, "chamber": 1, "type": "HR2PAD", "polj": 1.0, "poli": 1.0}, "95": {"dj": 0.0, "di": 0.0, "chamber": 4, "type": "HR2PAD", "polj": 1.0, "poli": 1.0}, "104": {"dj": 0.0, "di": 0.0, "chamber": 2, "type": "HR2PAD", "polj": 1.0, "poli": 1.0}}, "general": {"directory": "/data/NAS/EM888/Current", "noise": 0, "display": 0}, "chambers": {"1": {"plan": 1, "y1": 33.0, "y0": 0.0, "x0": 0.0, "x1": 50.0, "z0": 101.0, "z1": 101.0}, "3": {"plan": 3, "y1": 33.0, "y0": 0.0, "x0": 0.2, "x1": 50.0, "z0": 59.0, "z1": 59.0}, "2": {"plan": 2, "y1": 33.0, "y0": 0.0, "x0": 0.0, "x1": 50.0, "z0": 91.0, "z1": 91.0}, "4": {" x0": -0.2, "plan": 4, "y1": 33.0, "y0": 0.0, "x1": 50.0, "z0": 49.0, "z1": 49.0}}}