{"febs": [{"polarity": 1, "last": 784800, "chamber": 1, "dtc": [0.0, 0.0, 0.0, 0.0, 0.0, 0.0, 0.0, 0.0, 0.0, 0.0, 0.0, 0.0, 0.0, 0.0, 0.0, 0.0, 0.0, 0.0, 0.0, 0.0, 0.0, 0.0, 0.0, 0.0, 0.0], "triggerMin": -126, "triggerMean": -96, "id": 14, "stripShift": 16, "st0": [0, 0, 4.67965439618644, 3.2683318916900372, 0.9056449456043651, 6.001709205041346, 1.8411530695348803, 3.7690191669186013, 4.936370830442308, 3.285077900922939, 0.2729556610277295, 0.6040692651083079, 2.195911065790569, 3.4248934710196175, 2.526017911132424, 1.5700844520807, 5.3299282356973094, 8.592957645627449, 10.985334761512865, 12.056005187135037, 9.577158384058475, 11.895538075252329, 10.194600078856924, 12.149691542271558, 10.633511125719929, 11.571342949580016, 8.50732933646329, 8.621915058940354, 7.468868947376836, 8.698647495309167, 7.848550973717378, 7.848550973717378, 7.848550973717378, 7.848550973717378, 7.848550973717378, 7.848550973717378, 7.848550973717378, 7.848550973717378, 7.848550973717378, 7.848550973717378, 7.848550973717378, 7.848550973717378, 7.848550973717378, 7.848550973717378, 7.848550973717378, 7.848550973717378, 7.848550973717378], "st1": [0, 0, -1.5666710805084745, -3.5307560625228627, 0.5441839300916129, -5.69047098033705, -1.3477438453693775, 1.527437840677134, -4.130287105443555, -4.61915588085006, -2.2800831891798286, -3.161945760202556, -2.41865034719086, -2.622052779719269, -2.3926357622590833, -1.65930756028864, -4.190099533987005, 12.68844684765768, 5.223570545574346, 5.653351724872989, 7.122582437648941, 3.521611877660761, 7.640315292861152, 8.107817198348958, 4.750642158682843, 4.226059134401144, 3.7255925937122147, 2.787670909843713, 3.530530233947948, 5.6046822332644215, 3.1550005427144603, 3.1550005427144603, 3.1550005427144603, 3.1550005427144603, 3.1550005427144603, 3.1550005427144603, 3.1550005427144603, 3.1550005427144603, 3.1550005427144603, 3.1550005427144603, 3.1550005427144603, 3.1550005427144603, 3.1550005427144603, 3.1550005427144603, 3.1550005427144603, 3.1550005427144603, 3.1550005427144603], "delta": [0, 46.400328309109476, 45.060043045965564, 44.6112015698498, 44.29102029651831, 44.54855753968385, 44.25336977423157, 45.215036912794666, 47.58576270330587, 46.41592364724668, 45.86954938573295, 45.78362411523744, 46.086915423698514, 46.8031836306069, 47.116186426864324, 48.49553126086967, 48.142754792668924, 38.44009134363814, 37.26560363741812, 36.91428933935783, 36.64214224797024, 35.62747920056953, 35.85839477206303, 36.54373923814921, 37.34559157993829, 36.1212483868963, 35.63716130232001, 35.54954344156981, 35.518742084625536, 36.54018720438786, 37.46366178016044, 0, 0, 0, 0, 0, 0, 0, 0, 0, 0, 0, 0, 0, 0, 0, 0, 0], "triggerMax": -66, "dt1": -105, "dt0": -87, "side": [2, 2, 1, 1, 1, 1, 1, 1, 1, 1, 0, 0, 0, 0, 0, 0, 0, 0, 1, 1, 1, 1, 1, 1, 1, 1, 0, 0, 0, 0, 0, 0, 0, 0, 1, 1, 1, 0, 1, 0, 1, 0, 1, 0, 1, 0, 1, 0, 1, 0, 1], "tdc2strip": [45, 46, 8, 7, 6, 5, 4, 3, 2, 1, 8, 7, 6, 5, 4, 3, 2, 1, 16, 15, 14, 13, 12, 11, 10, 9, 16, 15, 14, 13, 12, 11, 10, 9, 17, 17, 18, 18, 19, 19, 20, 20, 21, 21, 22, 22, 23, 23, 24, 24], "first": 1174}, {"polarity": 1, "last": 784800, "chamber": 1, "dtc": [0.0, 0.0, 0.0, 0.0, 0.0, 0.0, 0.0, 0.0, 0.0, 0.0, 0.0, 0.0, 0.0, 0.0, 0.0, 0.0, 0.0, 0.0, 0.0, 0.0, 0.0, 0.0, 0.0, 0.0, 0.0], "triggerMin": -126, "triggerMean": -96, "id": 15, "stripShift": 0, "st0": [0, 0, 4.67965439618644, 3.2683318916900372, 0.9056449456043651, 6.001709205041346, 1.8411530695348803, 3.7690191669186013, 4.936370830442308, 3.285077900922939, 0.2729556610277295, 0.6040692651083079, 2.195911065790569, 3.4248934710196175, 2.526017911132424, 1.5700844520807, 5.3299282356973094, 8.592957645627449, 10.985334761512865, 12.056005187135037, 9.577158384058475, 11.895538075252329, 10.194600078856924, 12.149691542271558, 10.633511125719929, 11.571342949580016, 8.50732933646329, 8.621915058940354, 7.468868947376836, 8.698647495309167, 7.848550973717378, 7.848550973717378, 7.848550973717378, 7.848550973717378, 7.848550973717378, 7.848550973717378, 7.848550973717378, 7.848550973717378, 7.848550973717378, 7.848550973717378, 7.848550973717378, 7.848550973717378, 7.848550973717378, 7.848550973717378, 7.848550973717378, 7.848550973717378, 7.848550973717378], "st1": [0, 0, -1.5666710805084745, -3.5307560625228627, 0.5441839300916129, -5.69047098033705, -1.3477438453693775, 1.527437840677134, -4.130287105443555, -4.61915588085006, -2.2800831891798286, -3.161945760202556, -2.41865034719086, -2.622052779719269, -2.3926357622590833, -1.65930756028864, -4.190099533987005, 12.68844684765768, 5.223570545574346, 5.653351724872989, 7.122582437648941, 3.521611877660761, 7.640315292861152, 8.107817198348958, 4.750642158682843, 4.226059134401144, 3.7255925937122147, 2.787670909843713, 3.530530233947948, 5.6046822332644215, 3.1550005427144603, 3.1550005427144603, 3.1550005427144603, 3.1550005427144603, 3.1550005427144603, 3.1550005427144603, 3.1550005427144603, 3.1550005427144603, 3.1550005427144603, 3.1550005427144603, 3.1550005427144603, 3.1550005427144603, 3.1550005427144603, 3.1550005427144603, 3.1550005427144603, 3.1550005427144603, 3.1550005427144603], "delta": [0, 46.400328309109476, 45.060043045965564, 44.6112015698498, 44.29102029651831, 44.54855753968385, 44.25336977423157, 45.215036912794666, 47.58576270330587, 46.41592364724668, 45.86954938573295, 45.78362411523744, 46.086915423698514, 46.8031836306069, 47.116186426864324, 48.49553126086967, 48.142754792668924, 38.44009134363814, 37.26560363741812, 36.91428933935783, 36.64214224797024, 35.62747920056953, 35.85839477206303, 36.54373923814921, 37.34559157993829, 36.1212483868963, 35.63716130232001, 35.54954344156981, 35.518742084625536, 36.54018720438786, 37.46366178016044, 0, 0, 0, 0, 0, 0, 0, 0, 0, 0, 0, 0, 0, 0, 0, 0, 0], "triggerMax": -66, "dt1": -105, "dt0": -87, "side": [2, 2, 1, 1, 1, 1, 1, 1, 1, 1, 0, 0, 0, 0, 0, 0, 0, 0, 1, 1, 1, 1, 1, 1, 1, 1, 0, 0, 0, 0, 0, 0, 0, 0, 1, 1, 1, 0, 1, 0, 1, 0, 1, 0, 1, 0, 1, 0, 1, 0, 1], "tdc2strip": [45, 46, 8, 7, 6, 5, 4, 3, 2, 1, 8, 7, 6, 5, 4, 3, 2, 1, 16, 15, 14, 13, 12, 11, 10, 9, 16, 15, 14, 13, 12, 11, 10, 9, 17, 17, 18, 18, 19, 19, 20, 20, 21, 21, 22, 22, 23, 23, 24, 24], "first": 1174}], "plans": {"geometry": [{"shift": [0.0, 0.0, 140.0], "gric": [52, 53, 54, 55, 56, 57], "id": 1}, {"shift": [0.0, 0.0, 120.0], "gric": [22, 23, 24, 25, 26, 27], "id": 2}]}, "align": [{"febs": [{"triggerMax": -66, "dtc": [0.0, 0.0, 0.0, 0.0, 0.0, 0.0, 0.0, 0.0, 0.0, 0.0, 0.0, 0.0, 0.0, 0.0, 0.0, 0.0, 0.0, 0.0, 0.0, 0.0, 0.0, 0.0, 0.0, 0.0, 0.0], "triggerMin": -126, "triggerMean": -96, "dt1": -105, "dt0": -87, "id": 14}, {"triggerMax": -66, "dtc": [0.0, 0.0, 0.0, 0.0, 0.0, 0.0, 0.0, 0.0, 0.0, 0.0, 0.0, 0.0, 0.0, 0.0, 0.0, 0.0, 0.0, 0.0, 0.0, 0.0, 0.0, 0.0, 0.0, 0.0, 0.0], "triggerMin": -126, "triggerMean": -96, "dt1": -105, "dt0": -87, "id": 15}], "last": 784300, "first": 1000}], "difs": {"5": {"dj": 0.0, "di": 0.0, "chamber": 3, "type": "HR2PAD", "polj": 1.0, "poli": 1.0}, "27": {"dj": 0.0, "di": 0.0, "chamber": 1, "type": "HR2PAD", "polj": 1.0, "poli": 1.0}, "95": {"dj": 0.0, "di": 0.0, "chamber": 4, "type": "HR2PAD", "polj": 1.0, "poli": 1.0}, "104": {"dj": 0.0, "di": 0.0, "chamber": 2, "type": "HR2PAD", "polj": 1.0, "poli": 1.0}}, "general": {"directory": "/data/NAS/EM888/Current", "noise": 0, "display": 0}, "chambers": {"1": {"plan": 1, "y1": 33.0, "y0": 0.0, "x0": 0.0, "x1": 50.0, "z0": 101.0, "z1": 101.0}, "3": {"plan": 3, "y1": 33.0, "y0": 0.0, "x0": 0.2, "x1": 50.0, "z0": 59.0, "z1": 59.0}, "2": {"plan": 2, "y1": 33.0, "y0": 0.0, "x0": 0.0, "x1": 50.0, "z0": 91.0, "z1": 91.0}, "4": {" x0": -0.2, "plan": 4, "y1": 33.0, "y0": 0.0, "x1": 50.0, "z0": 49.0, "z1": 49.0}}}