{
    "general":
    {
	"directory":"/opt/TdcAnalysis/Histos/InTime",
	"noise":0,
	"display":0
    },
    "difs":{
	"27":{"chamber":1,"di":0.0,"dj":0.000000,"poli":1.0,"polj":1.0,"type":"HR2PAD"}, 
	"104":{"chamber":2,"di":0.0,"dj":0.000000,"poli":1.0,"polj":1.0,"type":"HR2PAD"}, 
	"5":{"chamber":3,"di":0.0,"dj":0.000000,"poli":1.0,"polj":1.0,"type":"HR2PAD"},
	"95":{"chamber":4,"di":0.0,"dj":0.000000,"poli":1.0,"polj":1.0,"type":"HR2PAD"} 
    },
    "chambers":{
	"4":{" x0":0.0,"y0":0.0,"z0":50.0000,"x1":50.0,"y1":33.0,"z1":50.0000,"plan":1},
	"3":{"x0":0.0,"y0":0.0,"z0":60.00000,"x1":50.0,"y1":33.0,"z1":60.0000,"plan":2},
	"2":{"x0":0.0,"y0":0.0,"z0":95.0000,"x1":50.0,"y1":33.0,"z1":95.0000,"plan":3},
	"1":{"x0":0.0,"y0":0.0,"z0":105.000,"x1":50.0,"y1":33.0,"z1":105.0000,"plan":4}
    },
    "plans":{
	"geometry":[{"id":1,"gric":[52,53,54,55,56,57],"shift":[0.,0.,140.]},
	 {"id":2,"gric":[22,23,24,25,26,27],"shift":[0.,0.,120.]}
	 ]
    },
    "align":[
        { "first":1000,"last":784300,
          "febs":[
              {"id":11,"triggerMean":-119,"triggerMin":-135,"triggerMax":-105,"dt0":-123,"dt1":-114,
               "dtc": [0.00, 8.57, 0.00, 0.00, 0.00, 0.00, 0.00, 4.24, 0.00, 7.33, 0.00, 6.14, -0.15, 6.12, 0.00, 5.37, 0.00, 6.79, 2.39, 5.78, 3.31, 5.18, -2.82, 2.35, 2.82, 4.21, -2.39, 3.37, -2.26, 5.40, 0.37, 1.05, 0.15, 0.72, 0.30, 1.04, -0.91, 1.37, -0.72, 1.73, -0.09, -0.53, 2.01, -0.38, -1.37, -3.63, -0.41, -1.41, 0.68]},
              {"id":12,"triggerMean":-119,"triggerMin":-135,"triggerMax":-105,"dt0":-123,"dt1":-114,
               "dtc": [0.00, 8.59, 0.96, -0.72, 3.35, 1.63, -1.28, -2.42, 0.93, -2.22, -0.90, -2.36, -2.47, -1.89, 0.38, -0.15, 1.01, -1.01, -2.30, 0.85, -0.26, 0.48, -3.22, -0.89, -1.74, 8.96, -1.44, 2.56, -4.64, 5.26, -1.50, -1.17, -2.38, 4.20, 0.78, 2.23, -2.13, 5.35, -1.17, 3.78, -0.97, 6.90, 1.17, 5.14, -4.06, -0.01, -2.26, 3.73, 0.00]}
              ,
              {"id":14,
               "triggerMean":-96,"triggerMin":-126,"triggerMax":-66,"dt0":-87,"dt1":-105,
                 "dtc":[0.0, 0.0, 0.0, 0.0, 0.0, 0.0, 0.0, 0.0, 0.0, 0.0, 0.0, 0.0, 0.0, 0.0, 0.0, 0.0, 0.0, 0.0, 0.0, 0.0, 0.0, 0.0, 0.0, 0.0, 0.0]

                      },
              {"id":15,
               "triggerMean":-96,"triggerMin":-126,"triggerMax":-66,"dt0":-87,"dt1":-105,              

                 "dtc":[0.0, 0.0, 0.0, 0.0, 0.0, 0.0, 0.0, 0.0, 0.0, 0.0, 0.0, 0.0, 0.0, 0.0, 0.0, 0.0, 0.0, 0.0, 0.0, 0.0, 0.0, 0.0, 0.0, 0.0, 0.0]

              }

          ]
        }

        
    ],
    "febs":[
	       {"id":14,"chamber":1,"first":1174,"last":784800,
         "triggerMean":-96,"triggerMin":-126,"triggerMax":-66,"dt0":-87,"dt1":-105,
         
         
          "stripShift":0,"polarity":1,
         "tdc2strip":[45,46,8,7,6,5,4,3,2,1,8,7,6,5,4,3,2,1,16,15,14,13,12,11,10,9,16,15,14,13,12,11,10,9,17,18,18,19,19,20,20,21,21,22,22,23,23,24,24],
         "side":[2, 2, 0, 0, 0, 0, 0, 0, 0, 0, 1, 1, 1, 1, 1, 1, 1, 1, 0, 0, 0, 0, 0, 0, 0, 0, 1, 1, 1, 1, 1, 1, 1, 1, 1, 1, 1, 0, 1, 0, 1, 0, 1, 0, 1, 0, 1, 0, 1, 0, 1],
         "delta":[0.0,2.40, -1.22, 0.23, 0.0, 1.24,0.5, 1.0, -4.55, -3.16, 2.31, -3.6,-0.9, 1.77, 4.46, 0.0, 1.06, 0.0, 0.0, 0.0, 0.0, 0.0, 0.0, 0.0, 0.0, 0.0, 0.0, 0.0, 0.0, 0.0],
         
         "dtc":[0.0, 0.0, 0.0, 0.0, 0.0, 0.0, 0.0, 0.0, 0.0, 0.0, 0.0, 0.0, 0.0, 0.0, 0.0, 0.0, 0.0, 0.0, 0.0, 0.0, 0.0, 0.0, 0.0, 0.0, 0.0]
        }
        ,
        {"id":15,"chamber":1,"first":1174,"last":784800,
         "triggerMean":-96,"triggerMin":-126,"triggerMax":-66,"dt0":-87,"dt1":-105,

                 
          "stripShift":16,"polarity":1,
         "tdc2strip":[45,46,8,7,6,5,4,3,2,1,8,7,6,5,4,3,2,1,16,15,14,13,12,11,10,9,16,15,14,13,12,11,10,9,17,18,18,19,19,20,20,21,21,22,22,23,23,24,24],
         "side":[2, 2, 0, 0, 0, 0, 0, 0, 0, 0, 1, 1, 1, 1, 1, 1, 1, 1, 0, 0, 0, 0, 0, 0, 0, 0, 1, 1, 1, 1, 1, 1, 1, 1, 1, 1, 1, 0, 1, 0, 1, 0, 1, 0, 1, 0, 1, 0, 1, 0, 1],
         "delta":[0.0,2.40, -1.22, 0.23, 0.0, 1.24,0.5, 1.0, -4.55, -3.16, 2.31, -3.6,-0.9, 1.77, 4.46, 0.0, 1.06, 0.0, 0.0, 0.0, 0.0, 0.0, 0.0, 0.0, 0.0, 0.0, 0.0, 0.0, 0.0, 0.0],
         
         "dtc":[0.0, 0.0, 0.0, 0.0, 0.0, 0.0, 0.0, 0.0, 0.0, 0.0, 0.0, 0.0, 0.0, 0.0, 0.0, 0.0, 0.0, 0.0, 0.0, 0.0, 0.0, 0.0, 0.0, 0.0, 0.0]
        }



    ]
}
