{
    "general":
    {
	"directory":"/opt/TdcAnalysis/Histos/InTime",
	"noise":0,
	"display":0
    },
    "difs":{
	"27":{"chamber":1,"di":0.0,"dj":0.000000,"poli":1.0,"polj":1.0,"type":"HR2PAD"}, 
	"104":{"chamber":2,"di":0.0,"dj":0.000000,"poli":1.0,"polj":1.0,"type":"HR2PAD"}, 
	"5":{"chamber":3,"di":0.0,"dj":0.000000,"poli":1.0,"polj":1.0,"type":"HR2PAD"},
	"95":{"chamber":4,"di":0.0,"dj":0.000000,"poli":1.0,"polj":1.0,"type":"HR2PAD"} 
    },
    "chambers":{
	"4":{" x0":0.0,"y0":0.0,"z0":49.0000,"x1":50.0,"y1":33.0,"z1":49.0000,"plan":1},
	"3":{"x0":0.0,"y0":0.0,"z0":59.00000,"x1":50.0,"y1":33.0,"z1":59.0000,"plan":2},
	"2":{"x0":0.0,"y0":0.0,"z0":91.0000,"x1":50.0,"y1":33.0,"z1":91.0000,"plan":3},
	"1":{"x0":0.0,"y0":0.0,"z0":101.000,"x1":50.0,"y1":33.0,"z1":101.0000,"plan":4}
    },
    "plans":{
	"geometry":[{"id":1,"gric":[52,53,54,55,56,57],"shift":[0.,0.,140.]},
	 {"id":2,"gric":[22,23,24,25,26,27],"shift":[0.,0.,120.]}
	 ]
    },
    "align":[
        { "first":1000,"last":784300,
          "febs":[
              {"id":14,
               "triggerMean":-96,"triggerMin":-126,"triggerMax":-66,"dt0":-87,"dt1":-105,
                 "dtc":[0.0, 0.0, 0.0, 0.0, 0.0, 0.0, 0.0, 0.0, 0.0, 0.0, 0.0, 0.0, 0.0, 0.0, 0.0, 0.0, 0.0, 0.0, 0.0, 0.0, 0.0, 0.0, 0.0, 0.0, 0.0]

                      },
              {"id":15,
               "triggerMean":-96,"triggerMin":-126,"triggerMax":-66,"dt0":-87,"dt1":-105,              

                 "dtc":[0.0, 0.0, 0.0, 0.0, 0.0, 0.0, 0.0, 0.0, 0.0, 0.0, 0.0, 0.0, 0.0, 0.0, 0.0, 0.0, 0.0, 0.0, 0.0, 0.0, 0.0, 0.0, 0.0, 0.0, 0.0]

              }

          ]
        }

        
    ],
    "febs":[
	{"id":14,"chamber":1,"first":1174,"last":784800,
         "triggerMean":-96,"triggerMin":-126,"triggerMax":-66,"dt0":-87,"dt1":-105,
               
          "stripShift":0,"polarity":1,
         "tdc2strip":[45,46,
            8,7,6,5,4,3,2,1,
            8,7,6,5,4,3,2,1,
            16,15,14,13,12,11,10,9,
            16,15,14,13,12,11,10,9,
            17,17,18,18,19,19,20,20,21,21,22,22,23,23,24,24],
     "side":[2, 2,
        1, 1, 1, 1, 1, 1, 1, 1,
        0, 0, 0, 0, 0, 0, 0, 0,
        1, 1, 1, 1, 1, 1, 1, 1, 
        0, 0, 0, 0, 0, 0, 0, 0, 
        1, 1, 1, 0, 1, 0, 1, 0, 1, 0, 1, 0, 1, 0, 1, 0, 1],
         "delta0":[0.0, 0.0, 0.0, 0.0, 0.0, 0.0, 0.0, 0.0, 0.0, 0.0, 0.0, 0.0, 0.0, 0.0, 0.0, 0.0, 0.0, 0.0, 0.0, 0.0, 0.0, 0.0, 0.0, 0.0, 0.0,0.0, 0.0, 0.0, 0.0, 0.0, 0.0, 0.0, 0.0, 0.0, 0.0],
	 "delta":[0.0,62.9,-7.1,-11.0, 48.4,-28.5,26.1,13.6,-2.2,5.6,29.0,-3.4,13.7,22.6,9.9,0,0,42.7,4.1,-1.5,56.0,-48.2,53.4,39.5,-20.9,11.2,36.3,25.3,16.3,4.3,14.1,32.6,-29.7,0,0,0,0,0,0,0,0,0,0,0,0,0,0,0],
	 "delta_avant":[0.0,
      		  62.8,-6.9,-10.9,49.3,-28.8,26.5,14.1,-2.3,
		  5.9,29.6,-3.2,13.7,23.1,10.3,0.0,0.0,
		  43.3,4.7,-0.9,56.5,-47.9,54.2,40.0,-20.1,
		  11.6,36.4,25.9,16.7,5.1,14.0,31.9,-30.6,
		  0,0,0,0,0,0,0,0,0,0,0,0,0,0,0],
         "dtc":[0.0, 0.0, 0.0, 0.0, 0.0, 0.0, 0.0, 0.0, 0.0, 0.0, 0.0, 0.0, 0.0, 0.0, 0.0, 0.0, 0.0, 0.0, 0.0, 0.0, 0.0, 0.0, 0.0, 0.0, 0.0]
        }
        ,
        {"id":15,"chamber":1,"first":1174,"last":784800,
         "triggerMean":-96,"triggerMin":-126,"triggerMax":-66,"dt0":-87,"dt1":-105,              
          "stripShift":16,"polarity":1,
         "tdc2strip":[45,46,
            8,7,6,5,4,3,2,1,
            8,7,6,5,4,3,2,1,
            16,15,14,13,12,11,10,9,
            16,15,14,13,12,11,10,9,
            17,17,18,18,19,19,20,20,21,21,22,22,23,23,24,24],
         "side":[2, 2,
		 1, 1, 1, 1, 1, 1, 1, 1,
		 0, 0, 0, 0, 0, 0, 0, 0,
		 1, 1, 1, 1, 1, 1, 1, 1,
		 0, 0, 0, 0, 0, 0, 0, 0,
		 1, 1, 1, 0, 1, 0, 1, 0, 1, 0, 1, 0, 1, 0, 1, 0, 1],
         "delta0":[0.0, 0.0, 0.0, 0.0, 0.0, 0.0, 0.0, 0.0, 0.0, 0.0, 0.0, 0.0, 0.0, 0.0, 0.0, 0.0, 0.0, 0.0, 0.0, 0.0, 0.0, 0.0, 0.0, 0.0, 0.0,0.0, 0.0, 0.0, 0.0, 0.0, 0.0, 0.0, 0.0, 0.0, 0.0],
	 "delta":[0.0,
		   62.9, -7.1, -11.0, 48.4, -28.5,26.1,13.6, -2.2,
		   5.6,29.0,-3.4,13.7,22.6,9.9,0,0,
		  42.7,4.1,-1.5,56.0,-48.2,53.4,39.5,-20.9,
		  11.2,36.3,25.3,16.3,4.3,14.1,32.6,-29.7,
		   0,0,0,0,0,0,0,0,0,0,0,0,0,0,0],
	 "delta_avant":[0.0,
      		  62.8,-6.9,-10.9,49.3,-28.8,26.5,14.1,-2.3,
		  5.9,29.6,-3.2,13.7,23.1,10.3,0.0,0.0,
		  43.3,4.7,-0.9,56.5,-47.9,54.2,40.0,-20.1,
		  11.6,36.4,25.9,16.7,5.1,14.0,31.9,-30.6,
		  0,0,0,0,0,0,0,0,0,0,0,0,0,0,0],
         "dtc":[0.0, 0.0, 0.0, 0.0, 0.0, 0.0, 0.0, 0.0, 0.0, 0.0, 0.0, 0.0, 0.0, 0.0, 0.0, 0.0, 0.0, 0.0, 0.0, 0.0, 0.0, 0.0, 0.0, 0.0, 0.0]
        }



    ]
}
