{
    "general":
    {
	"directory":"/data/NAS/EM888/Current",
	"noise":0,
	"display":0
    },
    "difs":{
	"27":{"chamber":1,"di":0.0,"dj":0.000000,"poli":1.0,"polj":1.0,"type":"HR2PAD"}, 
	"104":{"chamber":2,"di":0.0,"dj":0.000000,"poli":1.0,"polj":1.0,"type":"HR2PAD"}, 
	"5":{"chamber":3,"di":0.0,"dj":0.000000,"poli":1.0,"polj":1.0,"type":"HR2PAD"},
	"95":{"chamber":4,"di":0.0,"dj":0.000000,"poli":1.0,"polj":1.0,"type":"HR2PAD"} 
    },
    "chambers":{
	"4":{" x0":-0.2,"y0":0.0,"z0":49.0000,"x1":50.0,"y1":33.0,"z1":49.0000,"plan":4},
	"3":{"x0":0.2,"y0":0.0,"z0":59.00000,"x1":50.0,"y1":33.0,"z1":59.0000,"plan":3},
	"2":{"x0":0.0,"y0":0.0,"z0":91.0000,"x1":50.0,"y1":33.0,"z1":91.0000,"plan":2},
	"1":{"x0":0.0,"y0":0.0,"z0":101.000,"x1":50.0,"y1":33.0,"z1":101.0000,"plan":1}
    },
    "plans":{
	"geometry":[{"id":1,"gric":[52,53,54,55,56,57],"shift":[0.,0.,140.]},
		    {"id":2,"gric":[22,23,24,25,26,27],"shift":[0.,0.,120.]}
		   ]
    },
    "align":[
        { "first":1000,"last":784300,
          "febs":[
              {"id":14,
               "triggerMean":-96,"triggerMin":-126,"triggerMax":-66,"dt0":-87,"dt1":-105,
               "dtc":[0.0, 0.0, 0.0, 0.0, 0.0, 0.0, 0.0, 0.0, 0.0, 0.0, 0.0, 0.0, 0.0, 0.0, 0.0, 0.0, 0.0, 0.0, 0.0, 0.0, 0.0, 0.0, 0.0, 0.0, 0.0]

              },
              {"id":15,
               "triggerMean":-96,"triggerMin":-126,"triggerMax":-66,"dt0":-87,"dt1":-105,              

               "dtc":[0.0, 0.0, 0.0, 0.0, 0.0, 0.0, 0.0, 0.0, 0.0, 0.0, 0.0, 0.0, 0.0, 0.0, 0.0, 0.0, 0.0, 0.0, 0.0, 0.0, 0.0, 0.0, 0.0, 0.0, 0.0]

              }

          ]
        }

        
    ],
    "febs":[
	{"id":14,"chamber":1,"first":1174,"last":784800,
         "triggerMean":-96,"triggerMin":-126,"triggerMax":-66,"dt0":-87,"dt1":-105,
         
         "stripShift":16,"polarity":1,
         "tdc2strip":[45,46,
		      8,7,6,5,4,3,2,1,
		      8,7,6,5,4,3,2,1,
		      16,15,14,13,12,11,10,9,
		      16,15,14,13,12,11,10,9,
		      17,17,18,18,19,19,20,20,21,21,22,22,23,23,24,24],
	 "side":[2, 2,
		 1, 1, 1, 1, 1, 1, 1, 1,
		 0, 0, 0, 0, 0, 0, 0, 0,
		 1, 1, 1, 1, 1, 1, 1, 1, 
		 0, 0, 0, 0, 0, 0, 0, 0, 
		 1, 1, 1, 0, 1, 0, 1, 0, 1, 0, 1, 0, 1, 0, 1, 0, 1],
	 "st0":[0.00,0.00,4.47,2.99,0.67,5.85,1.77,3.52,4.73,3.10,0.02,0.35,1.87,3.22,2.24,1.18,5.03,8.27,10.66,11.76,9.31,11.68,9.96,11.87,10.47,11.38,8.37,8.48,7.30,8.61,7.84,7.84,7.84,7.84,7.84,7.84,7.84,7.84,7.84,7.84,7.84,7.84,7.84,7.84,7.84,7.84,7.84],
	 "st1":[0.00,0.00,0.61,-1.81,2.23,-3.93,0.42,2.47,-4.37,-4.06,-0.85,-1.72,-1.01,-0.94,-0.91,-0.18,-3.64,13.71,6.40,6.74,8.20,4.55,8.60,9.05,5.06,5.07,4.82,3.89,4.62,6.71,4.29,4.29,4.29,4.29,4.29,4.29,4.29,4.29,4.29,4.29,4.29,4.29,4.29,4.29,4.29,4.29,4.29],
	 "delta":[0.,46.28,26.85,29.29,29.56,29.54,30.41,35.99,47.82,40.79,32.92,32.86,32.86,32.27,33.28,34.50,41.40,28.63,26.37,26.64,26.66,26.68,26.93,27.44,33.61,28.56,26.80,26.59,26.42,27.95,29.21,0.00,-334.10,0.00,0.00,0.00,0.00,0.00,0.00,0.00,0.00,0.00,0.00,0.00,0.00,0.00,0.00,0.00],
	 "dtc":[0.0, 0.0, 0.0, 0.0, 0.0, 0.0, 0.0, 0.0, 0.0, 0.0, 0.0, 0.0, 0.0, 0.0, 0.0, 0.0, 0.0, 0.0, 0.0, 0.0, 0.0, 0.0, 0.0, 0.0, 0.0]
        }
        ,
        {"id":15,"chamber":1,"first":1174,"last":784800,
         "triggerMean":-96,"triggerMin":-126,"triggerMax":-66,"dt0":-87,"dt1":-105,              
         "stripShift":0,"polarity":1,
         "tdc2strip":[45,46,
		      8,7,6,5,4,3,2,1,
		      8,7,6,5,4,3,2,1,
		      16,15,14,13,12,11,10,9,
		      16,15,14,13,12,11,10,9,
		      17,17,18,18,19,19,20,20,21,21,22,22,23,23,24,24],
         "side":[2, 2,
		 1, 1, 1, 1, 1, 1, 1, 1,
		 0, 0, 0, 0, 0, 0, 0, 0,
		 1, 1, 1, 1, 1, 1, 1, 1,
		 0, 0, 0, 0, 0, 0, 0, 0,
		 1, 1, 1, 0, 1, 0, 1, 0, 1, 0, 1, 0, 1, 0, 1, 0, 1],
	 "st0":[0.00,0.00,4.47,2.99,0.67,5.85,1.77,3.52,4.73,3.10,0.02,0.35,1.87,3.22,2.24,1.18,5.03,8.27,10.66,11.76,9.31,11.68,9.96,11.87,10.47,11.38,8.37,8.48,7.30,8.61,7.84,7.84,7.84,7.84,7.84,7.84,7.84,7.84,7.84,7.84,7.84,7.84,7.84,7.84,7.84,7.84,7.84],
	 "st1":[0.00,0.00,0.61,-1.81,2.23,-3.93,0.42,2.47,-4.37,-4.06,-0.85,-1.72,-1.01,-0.94,-0.91,-0.18,-3.64,13.71,6.40,6.74,8.20,4.55,8.60,9.05,5.06,5.07,4.82,3.89,4.62,6.71,4.29,4.29,4.29,4.29,4.29,4.29,4.29,4.29,4.29,4.29,4.29,4.29,4.29,4.29,4.29,4.29,4.29],
	 "delta":[0.,46.28,26.85,29.29,29.56,29.54,30.41,35.99,47.82,40.79,32.92,32.86,32.86,32.27,33.28,34.50,41.40,28.63,26.37,26.64,26.66,26.68,26.93,27.44,33.61,28.56,26.80,26.59,26.42,27.95,29.21,0.00,-334.10,0.00,0.00,0.00,0.00,0.00,0.00,0.00,0.00,0.00,0.00,0.00,0.00,0.00,0.00,0.00],
         "dtc":[0.0, 0.0, 0.0, 0.0, 0.0, 0.0, 0.0, 0.0, 0.0, 0.0, 0.0, 0.0, 0.0, 0.0, 0.0, 0.0, 0.0, 0.0, 0.0, 0.0, 0.0, 0.0, 0.0, 0.0, 0.0]
        }



    ]
}
