{
    "general":
    {
	"directory":"/data/NAS/EM888/Current",
	"noise":0,
	"display":0
    },
    "difs":{
	"27":{"chamber":1,"di":0.0,"dj":0.000000,"poli":1.0,"polj":1.0,"type":"HR2PAD"}, 
	"104":{"chamber":2,"di":0.0,"dj":0.000000,"poli":1.0,"polj":1.0,"type":"HR2PAD"}, 
	"5":{"chamber":3,"di":0.0,"dj":0.000000,"poli":1.0,"polj":1.0,"type":"HR2PAD"},
	"95":{"chamber":4,"di":0.0,"dj":0.000000,"poli":1.0,"polj":1.0,"type":"HR2PAD"} 
    },
    "chambers":{
	"4":{" x0":-0.2,"y0":0.0,"z0":49.0000,"x1":50.0,"y1":33.0,"z1":49.0000,"plan":4},
	"3":{"x0":0.2,"y0":0.0,"z0":59.00000,"x1":50.0,"y1":33.0,"z1":59.0000,"plan":3},
	"2":{"x0":0.0,"y0":0.0,"z0":91.0000,"x1":50.0,"y1":33.0,"z1":91.0000,"plan":2},
	"1":{"x0":0.0,"y0":0.0,"z0":101.000,"x1":50.0,"y1":33.0,"z1":101.0000,"plan":1}
    },
    "plans":{
	"geometry":[{"id":1,"gric":[52,53,54,55,56,57],"shift":[0.,0.,140.]},
		    {"id":2,"gric":[22,23,24,25,26,27],"shift":[0.,0.,120.]}
		   ]
    },
    "align":[
        { "first":1000,"last":784300,
          "febs":[
              {"id":14,
               "triggerMean":-96,"triggerMin":-126,"triggerMax":-66,"dt0":-87,"dt1":-105,
               "dtc":[0.0, 0.0, 0.0, 0.0, 0.0, 0.0, 0.0, 0.0, 0.0, 0.0, 0.0, 0.0, 0.0, 0.0, 0.0, 0.0, 0.0, 0.0, 0.0, 0.0, 0.0, 0.0, 0.0, 0.0, 0.0]

              },
              {"id":15,
               "triggerMean":-96,"triggerMin":-126,"triggerMax":-66,"dt0":-87,"dt1":-105,              

               "dtc":[0.0, 0.0, 0.0, 0.0, 0.0, 0.0, 0.0, 0.0, 0.0, 0.0, 0.0, 0.0, 0.0, 0.0, 0.0, 0.0, 0.0, 0.0, 0.0, 0.0, 0.0, 0.0, 0.0, 0.0, 0.0]

              }

          ]
        }

        
    ],
    "febs":[
	{"id":14,"chamber":1,"first":1174,"last":784800,
         "triggerMean":-96,"triggerMin":-126,"triggerMax":-66,"dt0":-87,"dt1":-105,
         
         "stripShift":16,"polarity":1,
         "tdc2strip":[45,46,
		      8,7,6,5,4,3,2,1,
		      8,7,6,5,4,3,2,1,
		      16,15,14,13,12,11,10,9,
		      16,15,14,13,12,11,10,9,
		      17,17,18,18,19,19,20,20,21,21,22,22,23,23,24,24],
	 "side":[2, 2,
		 1, 1, 1, 1, 1, 1, 1, 1,
		 0, 0, 0, 0, 0, 0, 0, 0,
		 1, 1, 1, 1, 1, 1, 1, 1, 
		 0, 0, 0, 0, 0, 0, 0, 0, 
		 1, 1, 1, 0, 1, 0, 1, 0, 1, 0, 1, 0, 1, 0, 1, 0, 1],
	 "delta":[0.,46.28,-3.22,-8.06,41.73,-46.62,19.88,27.87,-23.09,-14.95,26.22,16.72,10.46,-0.10,8.70,23.86,-26.17,68.43,-4.74,-10.08,18.57,-25.46,16.98,6.83,-5.97,-17.60,0.85,-6.95,6.84,14.10,3.26,0.00,-158.04,0.00,0.00,0.00,0.00,0.00,0.00,0.00,0.00,0.00,0.00,0.00,0.00,0.00,0.00,0.00],
         "dtc":[0.0, 0.0, 0.0, 0.0, 0.0, 0.0, 0.0, 0.0, 0.0, 0.0, 0.0, 0.0, 0.0, 0.0, 0.0, 0.0, 0.0, 0.0, 0.0, 0.0, 0.0, 0.0, 0.0, 0.0, 0.0]
        }
        ,
        {"id":15,"chamber":1,"first":1174,"last":784800,
         "triggerMean":-96,"triggerMin":-126,"triggerMax":-66,"dt0":-87,"dt1":-105,              
         "stripShift":0,"polarity":1,
         "tdc2strip":[45,46,
		      8,7,6,5,4,3,2,1,
		      8,7,6,5,4,3,2,1,
		      16,15,14,13,12,11,10,9,
		      16,15,14,13,12,11,10,9,
		      17,17,18,18,19,19,20,20,21,21,22,22,23,23,24,24],
         "side":[2, 2,
		 1, 1, 1, 1, 1, 1, 1, 1,
		 0, 0, 0, 0, 0, 0, 0, 0,
		 1, 1, 1, 1, 1, 1, 1, 1,
		 0, 0, 0, 0, 0, 0, 0, 0,
		 1, 1, 1, 0, 1, 0, 1, 0, 1, 0, 1, 0, 1, 0, 1, 0, 1],
	 "delta":[0.,46.28,-3.22,-8.06,41.73,-46.62,19.88,27.87,-23.09,-14.95,26.22,16.72,10.46,-0.10,8.70,23.86,-26.17,68.43,-4.74,-10.08,18.57,-25.46,16.98,6.83,-5.97,-17.60,0.85,-6.95,6.84,14.10,3.26,0.00,-158.04,0.00,0.00,0.00,0.00,0.00,0.00,0.00,0.00,0.00,0.00,0.00,0.00,0.00,0.00,0.00],
         "dtc":[0.0, 0.0, 0.0, 0.0, 0.0, 0.0, 0.0, 0.0, 0.0, 0.0, 0.0, 0.0, 0.0, 0.0, 0.0, 0.0, 0.0, 0.0, 0.0, 0.0, 0.0, 0.0, 0.0, 0.0, 0.0]
        }



    ]
}
